,year,product_id,export_value,Quantity (in metric tons),location_code,partner_code
0,2021,270900,50581430.0,    86028.100,AFG,ITA
1,2021,270900,26900309.0,    60378.800,ALB,ITA
2,2021,270900,703987331.0,  1258790.000,DZA,ITA
3,2021,270900,134157554.0,   268426.631,AGO,ITA
4,2021,270900,6169664718.0, 12582296.450,AZE,ITA
5,2021,270900,1533.0,        2.840,AUT,ITA
6,2021,270900,169786399.0,   336322.894,BRA,ITA
7,2021,270900,251140665.0,   581218.000,CMR,ITA
8,2021,270900,81647280.0,   188079.552,CAN,ITA
9,2021,270900,30240570.0,    64546.063,COG,ITA
10,2021,270900,143893434.0,   278631.710,DNK,ITA
11,2021,270900,112253579.0,   184437.000,GNQ,ITA
12,2021,270900,953.0,        2.130,FRA,ITA
13,2021,270900,131610897.99999999,   227537.000,GAB,ITA
14,2021,270900,42291046.0,    92261.456,DEU,ITA
15,2021,270900,130262006.0,   260289.000,GHA,ITA
16,2021,270900,3968066750.0,  8193510.000,IRQ,ITA
17,2021,270900,34102472.0,    82417.200,IRL,ITA
18,2021,270900,19181937.0,    32994.300,ISR,ITA
19,2021,270900,936305304.0,  1731730.000,KAZ,ITA
20,2021,270900,5523669874.0, 10534400.000,LBY,ITA
21,2021,270900,3417.0,           NA,MOZ,ITA
22,2021,270900,36844962.0,    74961.600,NLD,ITA
23,2021,270900,1735741159.0,  3344230.000,NGA,ITA
24,2021,270900,667425323.0,  1251169.226,NOR,ITA
25,2021,270900,17.0,        0.001,POL,ITA
26,2021,270900,14925123.0,    30359.600,ROU,ITA
27,2021,270900,3902069597.0,  8773466.851,RUS,ITA
28,2021,270900,2744600859.0,  5469630.000,SAU,ITA
29,2021,270900,602.0,        0.088,SVN,ITA
30,2021,270900,123411807.0,   387368.967,ESP,ITA
31,2021,270900,88656458.0,   156187.000,SSD,ITA
32,2021,270900,159973176.0,   313302.000,SDN,ITA
33,2021,270900,5.0,        0.005,THA,ITA
34,2021,270900,28268.0,       13.500,ARE,ITA
35,2021,270900,115194786.0,   409266.561,TUN,ITA
36,2021,270900,132094314.00000001,   269335.000,TUR,ITA
37,2021,270900,21267998.0,    57985.800,TKM,ITA
38,2021,270900,297487611.0,   566476.931,EGY,ITA
39,2021,270900,809513363.0,  1413877.945,GBR,ITA
40,2021,270900,1537040526.0,  4318301.119,USA,ITA
41,2021,270900,35035.0,      179.827,VEN,ITA
42,2021,270900,587.0,        2.000,AFG,ARE
43,2021,270900,153856387.0,     1895.990,AGO,ARE
44,2021,270900,75954866.0,   146002.000,ARG,ARE
45,2021,270900,74631046.0,   214274.712,AUS,ARE
46,2021,270900,2601.0,        7.400,AUT,ARE
47,2021,270900,108.0,        0.024,BHR,ARE
48,2021,270900,648.0,        1.200,BGD,ARE
49,2021,270900,8086.0,       15.750,BEL,ARE
50,2021,270900,635.0,        1.200,BRA,ARE
51,2021,270900,1212.0,        1.250,BLZ,ARE
52,2021,270900,719.0,        3.000,BGR,ARE
53,2021,270900,7308.0,        7.995,CAN,ARE
54,2021,270900,5276.0,       15.000,LKA,ARE
55,2021,270900,48652.0,      102.926,CHN,ARE
56,2021,270900,60121930.0,   130354.000,COG,ARE
57,2021,270900,611.0,        2.425,COD,ARE
58,2021,270900,647.0,        1.200,HRV,ARE
59,2021,270900,3021.0,        5.000,CZE,ARE
60,2021,270900,7320.0,           NA,ECU,ARE
61,2021,270900,34054628.0,    77908.500,GNQ,ARE
62,2021,270900,646.0,        1.200,EST,ARE
63,2021,270900,2.0,        0.003,FIN,ARE
64,2021,270900,5804.0,        0.793,FRA,ARE
65,2021,270900,41136.0,       79.059,DEU,ARE
66,2021,270900,5897.0,        9.169,HUN,ARE
67,2021,270900,655.0,        1.210,IDN,ARE
68,2021,270900,1110.0,        2.248,IRN,ARE
69,2021,270900,6013314.0,    16314.500,IRQ,ARE
70,2021,270900,60780.0,       74.125,ITA,ARE
71,2021,270900,749.0,        1.876,CIV,ARE
72,2021,270900,3190.0,        4.700,JPN,ARE
73,2021,270900,401.0,        1.125,KAZ,ARE
74,2021,270900,552.0,        1.124,JOR,ARE
75,2021,270900,4.0,        0.006,KEN,ARE
76,2021,270900,3744.0,        7.510,KOR,ARE
77,2021,270900,70031.0,      222.250,KWT,ARE
78,2021,270900,2909.0,        7.624,LBN,ARE
79,2021,270900,718894422.0,  1410280.000,LBY,ARE
80,2021,270900,642.0,        1.200,MWI,ARE
81,2021,270900,2028.0,        2.143,MYS,ARE
82,2021,270900,77272862.0,   199527.000,MLT,ARE
83,2021,270900,8759.0,       16.950,MEX,ARE
84,2021,270900,1341.0,        1.157,,ARE
85,2021,270900,613.0,        2.400,MAR,ARE
86,2021,270900,10933.0,       23.247,OMN,ARE
87,2021,270900,20441634.0,    48660.188,NLD,ARE
88,2021,270900,305.0,        0.900,ABW,ARE
89,2021,270900,609.0,        1.800,NZL,ARE
90,2021,270900,57495863.0,   104372.220,NGA,ARE
91,2021,270900,30071298.0,    72668.605,NOR,ARE
92,2021,270900,12525902.0,    35808.689,PAK,ARE
93,2021,270900,543.0,        0.750,PAN,ARE
94,2021,270900,8993.0,       11.920,PHL,ARE
95,2021,270900,7040.0,       18.700,POL,ARE
96,2021,270900,372394846.0,    98698.090,QAT,ARE
97,2021,270900,648.0,        1.200,ROU,ARE
98,2021,270900,38314620.0,    89757.700,RUS,ARE
99,2021,270900,62319982.0,   145788.000,SAU,ARE
100,2021,270900,11787.0,       20.000,SRB,ARE
101,2021,270900,512.0,        1.125,SLE,ARE
102,2021,270900,51560.0,       93.759,IND,ARE
103,2021,270900,5482.0,       13.800,SGP,ARE
104,2021,270900,644.0,        1.200,SVK,ARE
105,2021,270900,1240.0,        3.600,VNM,ARE
106,2021,270900,189.0,        0.172,ZAF,ARE
107,2021,270900,641.0,        1.200,ZWE,ARE
108,2021,270900,9536.0,       20.731,ESP,ARE
109,2021,270900,643.0,        0.750,SSD,ARE
110,2021,270900,398.0,        0.070,SDN,ARE
111,2021,270900,715.0,        2.400,SWZ,ARE
112,2021,270900,2473.0,        4.725,SWE,ARE
113,2021,270900,25157.0,       45.554,CHE,ARE
114,2021,270900,488.0,        0.196,THA,ARE
115,2021,270900,8274.0,       12.943,TUR,ARE
116,2021,270900,1122.0,        2.274,UGA,ARE
117,2021,270900,24790.0,       52.823,UKR,ARE
118,2021,270900,46408953.0,    95669.827,GBR,ARE
119,2021,270900,297138.0,     4263.139,TZA,ARE
120,2021,270900,37030142.0,    89681.700,USA,ARE
121,2021,270900,521.0,        2.400,UZB,ARE
122,2021,270900,672.0,        2.400,VEN,ARE
123,2021,270900,17446.0,      180.054,YEM,ARE
124,2021,270900,1033.0,        0.079,ALB,CHN
125,2021,270900,20723443.0,    39804.500,DZA,CHN
126,2021,270900,19646834300.0, 39154910.000,AGO,CHN
127,2021,270900,102760592.0,   277516.843,AZE,CHN
128,2021,270900,74968229.0,   186608.256,AUS,CHN
129,2021,270900,15262115.0,    31415.000,BOL,CHN
130,2021,270900,14246809461.0, 31888905.939,BRA,CHN
131,2021,270900,30654194.0,    78651.800,BRN,CHN
132,2021,270900,688667584.0,  1596151.000,CMR,CHN
133,2021,270900,111265824.0,   254319.350,CAN,CHN
134,2021,270900,164583559.0,   403179.000,TCD,CHN
135,2021,270900,2673525213.0,  6059091.062,COL,CHN
136,2021,270900,800999244.0,  2110091.497,COG,CHN
137,2021,270900,448240992.0,   987315.000,COD,CHN
138,2021,270900,445894363.0,   973650.654,ECU,CHN
139,2021,270900,750071459.0,  1637995.600,GNQ,CHN
140,2021,270900,1286097453.0,  2849968.000,GAB,CHN
141,2021,270900,888289194.0,  1945713.600,GHA,CHN
142,2021,270900,253888279.0,   551749.300,GUY,CHN
143,2021,270900,177978988.0,   414433.031,IDN,CHN
144,2021,270900,129289435.0,   260312.000,IRN,CHN
145,2021,270900,23110522690.0, 54079430.000,IRQ,CHN
146,2021,270900,123181629.0,   276895.000,CIV,CHN
147,2021,270900,2161890373.0,  4492672.000,KAZ,CHN
148,2021,270900,13373877470.0, 30163400.000,KWT,CHN
149,2021,270900,2836537889.0,  6137686.000,LBY,CHN
150,2021,270900,833663745.0,   742369.737,MYS,CHN
151,2021,270900,148220321.0,   394043.000,MEX,CHN
152,2021,270900,273670516.0,   590743.107,MNG,CHN
153,2021,270900,19656717068.0, 44815390.000,OMN,CHN
154,2021,270900,46662320.0,    85931.739,NLD,CHN
155,2021,270900,30381972.0,    35277.000,NZL,CHN
156,2021,270900,86.0,        0.002,NER,CHN
157,2021,270900,1023941350.0,  2116095.256,NGA,CHN
158,2021,270900,6100728612.0, 11871100.348,NOR,CHN
159,2021,270900,97255472.0,   156366.400,TLS,CHN
160,2021,270900,2480293855.0,  4124764.613,QAT,CHN
161,2021,270900,35418362720.0, 71027197.213,RUS,CHN
162,2021,270900,38302438208.0, 87567610.000,SAU,CHN
163,2021,270900,239478657.0,   454313.174,VNM,CHN
164,2021,270900,728091505.0,  1937987.548,ZAF,CHN
165,2021,270900,299409745.0,   571894.600,SSD,CHN
166,2021,270900,56902838.0,   138284.509,SWE,CHN
167,2021,270900,253436646.0,   832232.550,THA,CHN
168,2021,270900,8357885084.0,  6029616.398,ARE,CHN
169,2021,270900,18407217.0,    37026.800,TUN,CHN
170,2021,270900,64136876.0,   197613.054,EGY,CHN
171,2021,270900,2690372530.0,  5320301.171,GBR,CHN
172,2021,270900,5846567439.0, 14647650.073,USA,CHN
173,2021,270900,404258132.0,   943407.000,YEM,CHN
174,2021,270900,176979837.0,   546185.000,ALB,ESP
175,2021,270900,1271310540.0,  2341608.700,DZA,ESP
176,2021,270900,262026649.0,   679048.000,AGO,ESP
177,2021,270900,559447043.0,  1270989.611,AZE,ESP
178,2021,270900,10552229.0,    27792.020,AUS,ESP
179,2021,270900,37195395.0,    92028.600,BEL,ESP
180,2021,270900,1077918825.0,  2406337.150,BRA,ESP
181,2021,270900,139914741.0,   287104.000,CMR,ESP
182,2021,270900,641871644.0,  1337495.600,CAN,ESP
183,2021,270900,122194670.0,   280112.884,COL,ESP
184,2021,270900,25.0,        0.001,CZE,ESP
185,2021,270900,21148310.0,    53089.300,DNK,ESP
186,2021,270900,489784048.0,  1064820.000,GNQ,ESP
187,2021,270900,12636736.0,    35740.600,EST,ESP
188,2021,270900,9280.0,       22.535,FRA,ESP
189,2021,270900,200042704.0,   391408.000,GAB,ESP
190,2021,270900,4277785.0,     8387.443,DEU,ESP
191,2021,270900,129840050.0,   247565.000,GHA,ESP
192,2021,270900,6780185.0,    18261.600,GRC,ESP
193,2021,270900,66624906.0,   143747.000,GUY,ESP
194,2021,270900,1572524777.0,  3752760.000,IRQ,ESP
195,2021,270900,298324748.0,   803037.603,ITA,ESP
196,2021,270900,1525871482.0,  3376340.000,KAZ,ESP
197,2021,270900,2923283186.0,  6309315.100,LBY,ESP
198,2021,270900,31108528.0,   101598.000,LTU,ESP
199,2021,270900,274.0,           NA,MRT,ESP
200,2021,270900,2938588307.0,  7707400.505,MEX,ESP
201,2021,270900,112.0,        0.002,NAM,ESP
202,2021,270900,50160194.0,    32222.459,NLD,ESP
203,2021,270900,5381485821.0, 10155908.827,NGA,ESP
204,2021,270900,727013933.0,  1507241.363,NOR,ESP
205,2021,270900,27037692.0,    66815.000,PRT,ESP
206,2021,270900,1311834359.0,  2760830.335,RUS,ESP
207,2021,270900,1786940983.0,  3945460.000,SAU,ESP
208,2021,270900,283.0,           NA,IND,ESP
209,2021,270900,211772475.0,   401277.909,ZAF,ESP
210,2021,270900,76793734.0,   157260.000,TTO,ESP
211,2021,270900,27309852.0,    10910.757,TUN,ESP
212,2021,270900,207.0,           NA,UKR,ESP
213,2021,270900,288096776.0,   671700.501,EGY,ESP
214,2021,270900,220685521.0,   430619.452,GBR,ESP
215,2021,270900,2119480149.0000002,  4625903.990,USA,ESP
216,2021,270900,110969177.0,   264763.700,DZA,AUS
217,2021,270900,54581447.0,      949.094,AGO,AUS
218,2021,270900,20884240.0,    55102.157,AZE,AUS
219,2021,270900,621018722.0,  1300355.920,BRN,AUS
220,2021,270900,68888243.0,   212944.104,COG,AUS
221,2021,270900,110723181.0,   291814.000,GAB,AUS
222,2021,270900,255040141.0,   493566.374,IDN,AUS
223,2021,270900,3699.0,        7.512,ISR,AUS
224,2021,270900,8509957.0,    26910.900,KOR,AUS
225,2021,270900,234939014.0,   605545.700,LBY,AUS
226,2021,270900,2004182923.0,  3532361.753,MYS,AUS
227,2021,270900,2.0,        0.002,NLD,AUS
228,2021,270900,354623342.0,   864454.283,NZL,AUS
229,2021,270900,68977512.0,   154113.900,NGA,AUS
230,2021,270900,31293072.0,    98107.900,PNG,AUS
231,2021,270900,39579893.0,   121609.000,RUS,AUS
232,2021,270900,16052745.0,    32918.200,IND,AUS
233,2021,270900,216904289.0,   326350.388,SGP,AUS
234,2021,270900,304266794.0,   598771.248,VNM,AUS
235,2021,270900,21965345.0,    48059.162,THA,AUS
236,2021,270900,32829129.0,   110745.000,ARE,AUS
237,2021,270900,1619.0,        0.058,GBR,AUS
238,2021,270900,301623699.0,   738767.053,USA,AUS
239,2021,270900,100829902.0,   206648.000,DZA,AUT
240,2021,270900,134065774.0,   254079.440,AZE,AUT
241,2021,270900,32.0,        0.001,BEL,AUT
242,2021,270900,485.0,        0.028,CZE,AUT
243,2021,270900,1368547.0,       73.717,FRA,AUT
244,2021,270900,323029.0,      764.884,DEU,AUT
245,2021,270900,46368144.0,    85128.000,GUY,AUT
246,2021,270900,695304927.0,  1579840.000,IRQ,AUT
247,2021,270900,271.0,        0.007,ITA,AUT
248,2021,270900,1383805124.0,  2967890.000,KAZ,AUT
249,2021,270900,778955290.0,  1690680.000,LBY,AUT
250,2021,270900,1.0,        0.003,NLD,AUT
251,2021,270900,18442978.0,    32742.000,NOR,AUT
252,2021,270900,264161039.0,   596004.000,RUS,AUT
253,2021,270900,2394635.0,     4765.586,SVK,AUT
254,2021,270900,47507848.0,   101457.000,GBR,AUT
255,2021,270900,124715315.0,   266142.000,YEM,AUT
256,2021,270900,25455756.0,    43529.509,DZA,BEL
257,2021,270900,4871673.0,     8091.232,AGO,BEL
258,2021,270900,26.0,        0.042,AZE,BEL
259,2021,270900,196.0,        0.004,BHR,BEL
260,2021,270900,42718.0,       11.496,CAN,BEL
261,2021,270900,43.0,           NA,CHL,BEL
262,2021,270900,355.0,        0.018,COL,BEL
263,2021,270900,113.0,           NA,COG,BEL
264,2021,270900,9465625.0,    18994.600,CUB,BEL
265,2021,270900,34557.0,        7.793,CZE,BEL
266,2021,270900,40573606.0,    14297.500,FRA,BEL
267,2021,270900,428674.0,      429.549,DEU,BEL
268,2021,270900,10.0,        0.003,GIB,BEL
269,2021,270900,29.0,        0.005,GUY,BEL
270,2021,270900,212.0,        0.030,ISR,BEL
271,2021,270900,2105.0,        0.147,ITA,BEL
272,2021,270900,162.0,        0.309,JPN,BEL
273,2021,270900,254.0,        0.008,KOR,BEL
274,2021,270900,1003015.0,     1730.360,LBY,BEL
275,2021,270900,1.0,        0.002,MUS,BEL
276,2021,270900,53.0,           NA,MAR,BEL
277,2021,270900,23.0,           NA,OMN,BEL
278,2021,270900,120.0,           NA,NAM,BEL
279,2021,270900,6647890229.0,  3131304.930,NLD,BEL
280,2021,270900,66142925.0,   103328.903,NGA,BEL
281,2021,270900,5661148.0,     7702.811,NOR,BEL
282,2021,270900,142.0,           NA,PNG,BEL
283,2021,270900,83846.0,      180.158,RUS,BEL
284,2021,270900,114.0,           NA,SAU,BEL
285,2021,270900,2483880.0,     7687.374,SEN,BEL
286,2021,270900,471.0,        0.717,SGP,BEL
287,2021,270900,117.0,           NA,ZAF,BEL
288,2021,270900,17.0,        0.014,ESP,BEL
289,2021,270900,4.0,        0.011,THA,BEL
290,2021,270900,871.0,        0.026,TGO,BEL
291,2021,270900,45837384.0,    84269.776,TTO,BEL
292,2021,270900,46.0,        0.004,ARE,BEL
293,2021,270900,152175.0,      263.843,TUR,BEL
294,2021,270900,44.0,        0.007,EGY,BEL
295,2021,270900,166720316.0,   386829.904,GBR,BEL
296,2021,270900,62084913.0,   176558.716,USA,BEL
297,2021,270900,586047716.0,  1210825.100,DZA,BRA
298,2021,270900,18.0,        0.039,BEL,BRA
299,2021,270900,202516.0,      470.596,BOL,BRA
300,2021,270900,33.0,        0.075,DEU,BRA
301,2021,270900,272130934.0,   684792.300,IRQ,BRA
302,2021,270900,3439.0,           NA,JPN,BRA
303,2021,270900,593995353.0,  1180411.799,NGA,BRA
304,2021,270900,46779949.0,   138099.000,PER,BRA
305,2021,270900,14753132.0,    42056.700,RUS,BRA
306,2021,270900,1239142122.0,  2991423.000,LCA,BRA
307,2021,270900,1154.0,        0.370,ESP,BRA
308,2021,270900,121.0,        0.020,GBR,BRA
309,2021,270900,1143531007.0,  2838682.233,USA,BRA
310,2021,270900,1952455386.0,  3809160.000,DZA,FRA
311,2021,270900,171294004.0,   403588.000,AGO,FRA
312,2021,270900,63607495.0,   118309.299,AZE,FRA
313,2021,270900,958696.0,      292.461,BEL,FRA
314,2021,270900,70082292.0,   138807.760,BRA,FRA
315,2021,270900,261.0,        0.234,BRN,FRA
316,2021,270900,42458698.0,    97066.876,CMR,FRA
317,2021,270900,197781531.0,   428003.693,CAN,FRA
318,2021,270900,168991751.0,   395915.000,TCD,FRA
319,2021,270900,13.0,        0.002,CHN,FRA
320,2021,270900,3131.0,        0.259,COG,FRA
321,2021,270900,252.0,           NA,COD,FRA
322,2021,270900,109427051.0,   285276.734,GNQ,FRA
323,2021,270900,40994828.0,    85271.048,GAB,FRA
324,2021,270900,20560.0,       47.858,DEU,FRA
325,2021,270900,970.0,        2.711,GRC,FRA
326,2021,270900,943822800.0,  2401100.000,IRQ,FRA
327,2021,270900,34361309.0,    91130.850,ITA,FRA
328,2021,270900,54688770.0,   112449.000,CIV,FRA
329,2021,270900,1880446960.0,  4151870.000,KAZ,FRA
330,2021,270900,1859860258.0,  3752950.000,LBY,FRA
331,2021,270900,465798.0,      583.335,NLD,FRA
332,2021,270900,2547246009.0,  4652157.456,NGA,FRA
333,2021,270900,961166467.0,  1908515.761,NOR,FRA
334,2021,270900,394.0,        0.008,QAT,FRA
335,2021,270900,187653009.0,   428710.445,RUS,FRA
336,2021,270900,1190814909.0,  2610290.000,SAU,FRA
337,2021,270900,16.0,        0.008,SRB,FRA
338,2021,270900,150.0,        0.080,SGP,FRA
339,2021,270900,8038.0,        1.160,ZAF,FRA
340,2021,270900,186869192.0,   403369.627,ESP,FRA
341,2021,270900,29.0,        0.002,THA,FRA
342,2021,270900,748.0,        1.701,TTO,FRA
343,2021,270900,2003.0,        0.181,ARE,FRA
344,2021,270900,103820388.0,   222989.905,TUN,FRA
345,2021,270900,22579968.0,    39675.000,TUR,FRA
346,2021,270900,1390.0,        0.136,UKR,FRA
347,2021,270900,717191903.0,  1324609.804,GBR,FRA
348,2021,270900,2576902564.0,  5709075.439,USA,FRA
349,2021,270900,418589224.0,   809827.000,DZA,DEU
350,2021,270900,634282989.0,  1165073.194,AZE,DEU
351,2021,270900,1359855.0,     2669.800,BEL,DEU
352,2021,270900,58174172.0,   143117.500,BRA,DEU
353,2021,270900,14015412.0,    13114.456,CAN,DEU
354,2021,270900,922199706.0,  2007223.000,TCD,DEU
355,2021,270900,179030659.0,   400753.268,COL,DEU
356,2021,270900,1818.0,        0.130,CZE,DEU
357,2021,270900,17490625.0,    34629.000,DNK,DEU
358,2021,270900,3784089.0,     7805.386,FRA,DEU
359,2021,270900,10765851.0,    19928.000,GUY,DEU
360,2021,270900,966006091.0,  2245874.000,IRQ,DEU
361,2021,270900,20670090.0,    56589.796,ITA,DEU
362,2021,270900,21879572.0,    47206.000,CIV,DEU
363,2021,270900,3483744863.0,  7501151.000,KAZ,DEU
364,2021,270900,251.0,        0.110,KEN,DEU
365,2021,270900,3222174348.0,  6984909.000,LBY,DEU
366,2021,270900,1928590005.0,  1484913.686,NLD,DEU
367,2021,270900,1126800714.0,  2027393.132,NGA,DEU
368,2021,270900,2110047120.9999998,  3531044.113,NOR,DEU
369,2021,270900,88841179.0,   179484.101,POL,DEU
370,2021,270900,9385619306.0, 19214726.115,RUS,DEU
371,2021,270900,419050806.0,  1006362.000,SAU,DEU
372,2021,270900,12.0,        0.030,SGP,DEU
373,2021,270900,1158.0,        0.126,SVK,DEU
374,2021,270900,596.0,        0.300,ESP,DEU
375,2021,270900,396.0,        0.010,CHE,DEU
376,2021,270900,86.0,        0.091,THA,DEU
377,2021,270900,24713254.0,    51904.000,TTO,DEU
378,2021,270900,18180603.0,    39285.259,TUN,DEU
379,2021,270900,188041736.0,   451775.000,EGY,DEU
380,2021,270900,2015926529.0,  3476920.460,GBR,DEU
381,2021,270900,1788018457.0,  5125690.228,USA,DEU
382,2021,270900,85285080.0,   181817.000,YEM,DEU
383,2021,270900,10.0,        0.012,ZMB,DEU
384,2021,270900,950185513.0,  1907605.000,DZA,GRC
385,2021,270900,63186724.0,    90319.131,AZE,GRC
386,2021,270900,694.0,        0.020,CHN,GRC
387,2021,270900,8671003396.0, 20334680.000,IRQ,GRC
388,2021,270900,264.0,        0.050,ISR,GRC
389,2021,270900,4344937657.0,  9622230.000,KAZ,GRC
390,2021,270900,1811569622.0,  3746821.600,LBY,GRC
391,2021,270900,5582.0,        3.404,NLD,GRC
392,2021,270900,80867842.0,   257712.602,NGA,GRC
393,2021,270900,802602122.0,  1166869.486,NOR,GRC
394,2021,270900,636324527.0,  1386632.856,RUS,GRC
395,2021,270900,993783130.0,  2219494.800,SAU,GRC
396,2021,270900,192.0,        0.039,ESP,GRC
397,2021,270900,78885177.0,    79027.858,TUN,GRC
398,2021,270900,7437706.0,    14057.740,TKM,GRC
399,2021,270900,1238675616.0,  2180780.266,EGY,GRC
400,2021,270900,946.0,           NA,GBR,GRC
401,2021,270900,96.0,        0.002,USA,GRC
402,2021,270900,61.0,        0.002,URY,GRC
403,2021,270900,257799855.0,   582426.100,DZA,IDN
404,2021,270900,395814550.0,   901657.400,AGO,IDN
405,2021,270900,87124861.0,   173807.707,AZE,IDN
406,2021,270900,10103951.0,    31335.500,ARG,IDN
407,2021,270900,595713079.0,  1258158.366,AUS,IDN
408,2021,270900,14372.0,        2.105,BEL,IDN
409,2021,270900,320.0,        0.473,CHN,IDN
410,2021,270900,67361446.0,   121569.000,COG,IDN
411,2021,270900,20671464.0,    56302.300,COD,IDN
412,2021,270900,128979780.0,   278916.600,GNQ,IDN
413,2021,270900,269537659.0,   643669.500,GAB,IDN
414,2021,270900,90528292.0,   253791.295,MYS,IDN
415,2021,270900,1930693133.0,  3917419.900,NGA,IDN
416,2021,270900,75963998.0,   150289.600,PNG,IDN
417,2021,270900,1974665252.0,  4419749.500,SAU,IDN
418,2021,270900,1157.0,        2.501,SGP,IDN
419,2021,270900,16303109.0,    34956.500,ARE,IDN
420,2021,270900,18668235.0,    36964.700,TUN,IDN
421,2021,270900,90244496.0,   215470.838,USA,IDN
422,2021,270900,199584664.0,   400964.000,DZA,JPN
423,2021,270900,63298181.0,      944.890,AGO,JPN
424,2021,270900,122371529.0,   249962.003,AUS,JPN
425,2021,270900,388735484.0,   968828.000,BHR,JPN
426,2021,270900,65685148.0,   131065.000,BRA,JPN
427,2021,270900,85378873.0,   194236.342,BRN,JPN
428,2021,270900,28293388.0,    69720.400,CHN,JPN
429,2021,270900,6285611.0,    18522.000,COL,JPN
430,2021,270900,5424752.0,    15207.700,COG,JPN
431,2021,270900,43386859.0,   145351.655,ECU,JPN
432,2021,270900,1481.0,        0.056,FRA,JPN
433,2021,270900,74971454.0,   150946.211,IDN,JPN
434,2021,270900,156248096.0,   398958.000,IRQ,JPN
435,2021,270900,65225687.0,   131977.000,KAZ,JPN
436,2021,270900,4667623791.0, 10505900.000,KWT,JPN
437,2021,270900,29326592.0,    54631.400,LBY,JPN
438,2021,270900,440067384.0,   930623.797,MYS,JPN
439,2021,270900,46818193.0,    99108.500,MEX,JPN
440,2021,270900,17733487.0,    25766.000,MOZ,JPN
441,2021,270900,272931304.0,   633337.000,OMN,JPN
442,2021,270900,2600.0,        0.008,PHL,JPN
443,2021,270900,4374525497.0,  8907145.146,QAT,JPN
444,2021,270900,2226454734.0,  4511379.545,RUS,JPN
445,2021,270900,21900329499.0, 48678800.000,SAU,JPN
446,2021,270900,148798529.0,   272846.494,VNM,JPN
447,2021,270900,66643500.0,   129973.000,SSD,JPN
448,2021,270900,186.0,        0.200,THA,JPN
449,2021,270900,19103296771.0, 41590026.500,ARE,JPN
450,2021,270900,44480992.0,   167031.000,GBR,JPN
451,2021,270900,214302306.0,   577175.336,USA,JPN
452,2021,270900,529678616.99999994,  1087940.800,DZA,KOR
453,2021,270900,66474565.0,      948.864,AGO,KOR
454,2021,270900,554388510.0,  1523655.245,AUS,KOR
455,2021,270900,350.0,        0.076,BHR,KOR
456,2021,270900,1469236166.0,  3093200.161,BRA,KOR
457,2021,270900,67697998.0,   126587.992,CAN,KOR
458,2021,270900,8.0,        0.015,CHL,KOR
459,2021,270900,147307176.0,   427406.930,CHN,KOR
460,2021,270900,64658844.0,   146680.392,COL,KOR
461,2021,270900,307645319.0,   283482.465,COG,KOR
462,2021,270900,80364834.0,   151091.424,ECU,KOR
463,2021,270900,250022564.0,   456682.100,GNQ,KOR
464,2021,270900,265.0,        0.040,FRA,KOR
465,2021,270900,498948234.0,  1021114.040,GAB,KOR
466,2021,270900,469.0,        0.120,HKG,KOR
467,2021,270900,27303059.0,    52053.275,IDN,KOR
468,2021,270900,3495830072.0,  8489719.000,IRQ,KOR
469,2021,270900,1579691801.0,  3352781.000,KAZ,KOR
470,2021,270900,6308425055.0, 14048874.000,KWT,KOR
471,2021,270900,10291270.0,    16826.537,MYS,KOR
472,2021,270900,2859806546.0,  7671825.000,MEX,KOR
473,2021,270900,7.0,        0.008,,KOR
474,2021,270900,414580301.0,   894333.000,OMN,KOR
475,2021,270900,79953068.0,   294489.000,ABW,KOR
476,2021,270900,10733692.0,    18622.900,NZL,KOR
477,2021,270900,506562978.0,   894026.910,NGA,KOR
478,2021,270900,1100489471.0,  2000484.544,NOR,KOR
479,2021,270900,185397800.0,   390593.300,PNG,KOR
480,2021,270900,55041757.0,   104434.386,PHL,KOR
481,2021,270900,2133781174.0,  1504197.359,QAT,KOR
482,2021,270900,6237011133.0, 13442453.820,RUS,KOR
483,2021,270900,18547808610.0, 40517480.000,SAU,KOR
484,2021,270900,16709468.0,    25201.833,VNM,KOR
485,2021,270900,113836622.0,   231583.288,ZAF,KOR
486,2021,270900,131.0,        0.040,ESP,KOR
487,2021,270900,20751631.0,    46625.710,THA,KOR
488,2021,270900,3418170040.0,  6185651.153,ARE,KOR
489,2021,270900,1354632335.0,  2556910.797,GBR,KOR
490,2021,270900,8053389137.0, 18586274.610,USA,KOR
491,2021,270900,120498744.0,   209359.000,DZA,MYS
492,2021,270900,119827139.0,   249494.000,AGO,MYS
493,2021,270900,457529529.0,  1048389.124,AUS,MYS
494,2021,270900,794704432.0,  1770559.388,BRA,MYS
495,2021,270900,88270767.0,   166300.006,BRN,MYS
496,2021,270900,349474242.0,  1014908.600,CHN,MYS
497,2021,270900,53831278.0,    26539.644,COG,MYS
498,2021,270900,86906051.0,   202952.425,ECU,MYS
499,2021,270900,164581960.0,   380279.000,GAB,MYS
500,2021,270900,126245712.0,   242936.000,GHA,MYS
501,2021,270900,451631382.0,  1012218.535,IDN,MYS
502,2021,270900,105537026.0,   207679.000,IRQ,MYS
503,2021,270900,110164.0,      199.916,JPN,MYS
504,2021,270900,65106983.0,   152785.000,KWT,MYS
505,2021,270900,25652219.0,    54722.800,LBY,MYS
506,2021,270900,101350569.0,   254436.000,OMN,MYS
507,2021,270900,7.0,        0.014,NLD,MYS
508,2021,270900,29504082.0,    32371.897,NGA,MYS
509,2021,270900,25044986.0,    49146.756,PAK,MYS
510,2021,270900,21773264.0,    34789.400,TLS,MYS
511,2021,270900,150336886.0,   336266.098,QAT,MYS
512,2021,270900,370883304.0,   735821.616,RUS,MYS
513,2021,270900,630437121.0,  1370900.000,SAU,MYS
514,2021,270900,40415279.0,    80312.458,SGP,MYS
515,2021,270900,91016786.0,   156133.000,VNM,MYS
516,2021,270900,111830662.0,   215194.000,SDN,MYS
517,2021,270900,48845127.0,    96252.008,THA,MYS
518,2021,270900,286968789.0,   106418.566,ARE,MYS
519,2021,270900,5091347.0,    51440.500,VEN,MYS
520,2021,270900,1149591080.0,  2102233.000,DZA,NLD
521,2021,270900,149874281.0,   273934.013,AGO,NLD
522,2021,270900,288948661.0,   608420.100,ARG,NLD
523,2021,270900,392.0,        0.901,AUS,NLD
524,2021,270900,30.0,        0.078,AUT,NLD
525,2021,270900,30577300.0,    81356.657,BEL,NLD
526,2021,270900,13252434.0,    28262.700,BOL,NLD
527,2021,270900,1204066614.0,  2633707.385,BRA,NLD
528,2021,270900,81.0,        0.199,BGR,NLD
529,2021,270900,293252455.0,   720242.000,CMR,NLD
530,2021,270900,226467636.0,   492026.745,CAN,NLD
531,2021,270900,133004454.0,   254498.000,TCD,NLD
532,2021,270900,124.0,        0.508,CHN,NLD
533,2021,270900,2280.0,        5.582,COL,NLD
534,2021,270900,76.0,        0.139,COD,NLD
535,2021,270900,39.0,        0.096,CYP,NLD
536,2021,270900,294.0,        0.715,CZE,NLD
537,2021,270900,102395939.0,   216864.239,DNK,NLD
538,2021,270900,90915674.0,   189799.000,GNQ,NLD
539,2021,270900,4056440.0,    10164.200,EST,NLD
540,2021,270900,4569.0,       11.111,FIN,NLD
541,2021,270900,227.0,        0.484,FRA,NLD
542,2021,270900,172349529.0,   384849.121,GAB,NLD
543,2021,270900,37.0,        0.089,GEO,NLD
544,2021,270900,228726742.0,   430431.474,DEU,NLD
545,2021,270900,59379929.0,   126256.000,GHA,NLD
546,2021,270900,1.0,        0.001,GIB,NLD
547,2021,270900,121.0,        0.294,GRC,NLD
548,2021,270900,68659857.0,   151978.000,GUY,NLD
549,2021,270900,32.0,        0.024,HND,NLD
550,2021,270900,172.0,        0.419,HKG,NLD
551,2021,270900,5334.0,       12.988,HUN,NLD
552,2021,270900,32.0,        0.059,ISL,NLD
553,2021,270900,295.0,        1.045,IDN,NLD
554,2021,270900,427837593.0,   996212.183,IRQ,NLD
555,2021,270900,3.0,        0.009,IRL,NLD
556,2021,270900,22.0,        0.025,ISR,NLD
557,2021,270900,23780347.0,    58585.455,ITA,NLD
558,2021,270900,85.0,        0.163,JPN,NLD
559,2021,270900,425519764.0,   876546.000,KAZ,NLD
560,2021,270900,99.0,        0.241,JOR,NLD
561,2021,270900,77.0,        0.141,KEN,NLD
562,2021,270900,367.0,        0.749,KOR,NLD
563,2021,270900,775.0,        2.197,KWT,NLD
564,2021,270900,23.0,        0.056,LVA,NLD
565,2021,270900,150.0,        0.231,LBR,NLD
566,2021,270900,1365182898.0,  2896044.100,LBY,NLD
567,2021,270900,79.0,        0.195,LTU,NLD
568,2021,270900,546.0,        1.316,LUX,NLD
569,2021,270900,108.0,        0.210,MYS,NLD
570,2021,270900,42.0,        0.101,MLT,NLD
571,2021,270900,86.0,        0.213,MEX,NLD
572,2021,270900,83.0,        0.174,,NLD
573,2021,270900,38.0,        0.008,MNE,NLD
574,2021,270900,1324.0,        2.404,OMN,NLD
575,2021,270900,31494233.0,    74842.800,CUW,NLD
576,2021,270900,40.0,        0.070,ABW,NLD
577,2021,270900,2113222273.0,  4369274.000,NGA,NLD
578,2021,270900,6121928823.0, 12609348.483,NOR,NLD
579,2021,270900,132.0,        0.300,PNG,NLD
580,2021,270900,43.0,        0.048,PER,NLD
581,2021,270900,81.0,        0.148,PHL,NLD
582,2021,270900,7043.0,       11.977,POL,NLD
583,2021,270900,78.0,        0.216,PRT,NLD
584,2021,270900,20382.0,        1.472,QAT,NLD
585,2021,270900,17.0,        0.041,ROU,NLD
586,2021,270900,16996642691.0, 37312706.294,RUS,NLD
587,2021,270900,447.0,        1.099,LCA,NLD
588,2021,270900,1596284693.0,  3831680.048,SAU,NLD
589,2021,270900,17208759.0,    64598.500,SEN,NLD
590,2021,270900,108.0,        0.144,SRB,NLD
591,2021,270900,225.0,        0.354,IND,NLD
592,2021,270900,1172.0,        0.393,SGP,NLD
593,2021,270900,1.0,        0.002,SVK,NLD
594,2021,270900,202.0,        0.453,VNM,NLD
595,2021,270900,32.0,        0.144,ZAF,NLD
596,2021,270900,2772501.0,     5409.459,ESP,NLD
597,2021,270900,42420479.0,    95108.768,SWE,NLD
598,2021,270900,904.0,        2.120,CHE,NLD
599,2021,270900,83.0,        0.155,THA,NLD
600,2021,270900,26449948.0,           NA,TTO,NLD
601,2021,270900,1937.0,        4.847,ARE,NLD
602,2021,270900,95622939.0,   229628.026,TUN,NLD
603,2021,270900,354.0,        0.747,TUR,NLD
604,2021,270900,1.0,        0.001,UKR,NLD
605,2021,270900,32541200.0,   168468.124,EGY,NLD
606,2021,270900,8407384473.999999, 16315850.788,GBR,NLD
607,2021,270900,6456859555.0, 17173520.142,USA,NLD
608,2021,270900,2601899.0,     6029.000,YEM,NLD
609,2021,270900,24686904.0,    52998.000,DZA,NZL
610,2021,270900,9037870.0,     5911.391,AUS,NZL
611,2021,270900,5296.0,       10.000,AUT,NZL
612,2021,270900,24957.0,        3.000,CHN,NZL
613,2021,270900,9911.0,        9.260,FJI,NZL
614,2021,270900,39358706.0,    96084.000,KWT,NZL
615,2021,270900,135952131.0,   242063.841,MYS,NZL
616,2021,270900,40251662.0,   107454.736,RUS,NZL
617,2021,270900,53369.0,       36.000,IND,NZL
618,2021,270900,41962482.0,    71420.700,SGP,NZL
619,2021,270900,1431756734.0,  2937900.000,ARE,NZL
620,2021,270900,120531630.0,   243517.900,DZA,PRT
621,2021,270900,58610019.0,   129750.000,AGO,PRT
622,2021,270900,591593720.0,  1160915.514,AZE,PRT
623,2021,270900,1658160344.0,  3518588.547,BRA,PRT
624,2021,270900,112595240.0,   251562.000,COD,PRT
625,2021,270900,111734590.0,   264981.000,GNQ,PRT
626,2021,270900,193.0,        0.421,NLD,PRT
627,2021,270900,1051730340.0000001,  2174820.000,NGA,PRT
628,2021,270900,57931496.0,   113689.000,NOR,PRT
629,2021,270900,91043760.0,   244801.600,SAU,PRT
630,2021,270900,31947040.0,    89544.456,ESP,PRT
631,2021,270900,113764638.0,   265540.755,GBR,PRT
632,2021,270900,457326364.0,   936850.079,USA,PRT
633,2021,270900,300457825.0,   684354.000,DZA,IND
634,2021,270900,1813707771.0,  3123981.000,AGO,IND
635,2021,270900,584154778.0,  1261117.647,AZE,IND
636,2021,270900,18.0,        0.015,BEL,IND
637,2021,270900,2234643461.0,  5092023.317,BRA,IND
638,2021,270900,449615696.0,   840414.977,BRN,IND
639,2021,270900,345735749.0,   782618.000,CMR,IND
640,2021,270900,234035537.0,   596872.000,CAN,IND
641,2021,270900,83154503.0,   159725.070,CHN,IND
642,2021,270900,1954551418.0,  4301816.167,COL,IND
643,2021,270900,69219136.0,   204425.779,COG,IND
644,2021,270900,568589064.0,  1203218.021,ECU,IND
645,2021,270900,600158429.0,  1338138.000,GNQ,IND
646,2021,270900,569563662.0,  1265094.000,GAB,IND
647,2021,270900,245091141.0,   633103.000,GHA,IND
648,2021,270900,144833704.0,   294554.000,GUY,IND
649,2021,270900,236036709.0,   432746.847,IDN,IND
650,2021,270900,22102575400.0, 51882662.000,IRQ,IND
651,2021,270900,100611779.0,   256239.000,ISR,IND
652,2021,270900,13286143.0,    29914.000,ITA,IND
653,2021,270900,48780546.0,   142359.000,CIV,IND
654,2021,270900,62618688.0,   135322.000,JPN,IND
655,2021,270900,341563087.0,   790859.000,KAZ,IND
656,2021,270900,38928205.0,    94970.000,KOR,IND
657,2021,270900,6045520277.0, 13568828.000,KWT,IND
658,2021,270900,264612015.0,   634704.000,LBY,IND
659,2021,270900,751845374.0,  1402809.042,MYS,IND
660,2021,270900,2871846656.0,  7866320.000,MEX,IND
661,2021,270900,2510902848.0,  5559740.000,OMN,IND
662,2021,270900,6.0,        0.012,NLD,IND
663,2021,270900,8114980509.0, 15811910.000,NGA,IND
664,2021,270900,977755623.0,  1868483.532,NOR,IND
665,2021,270900,765823224.0,  1311828.618,QAT,IND
666,2021,270900,935437907.0,  1926158.983,RUS,IND
667,2021,270900,15793877132.0, 34256010.000,SAU,IND
668,2021,270900,2266.0,        4.139,SGP,IND
669,2021,270900,181153279.0,   404517.080,ZAF,IND
670,2021,270900,123306382.0,   282862.000,SDN,IND
671,2021,270900,8.0,        0.021,THA,IND
672,2021,270900,39766367.0,   137002.000,TGO,IND
673,2021,270900,9347560837.0,  6912086.616,ARE,IND
674,2021,270900,487641776.0,  1157512.000,TUR,IND
675,2021,270900,1341571830.0,  3264528.118,EGY,IND
676,2021,270900,132077804.0,   251464.148,GBR,IND
677,2021,270900,9675955073.0, 23936825.669,USA,IND
678,2021,270900,66364488.0,   168620.300,DZA,SGP
679,2021,270900,484864354.0,   847899.100,AGO,SGP
680,2021,270900,15181397.0,    47996.590,ARG,SGP
681,2021,270900,1858036596.0,  4307792.978,AUS,SGP
682,2021,270900,11329666.0,    26415.230,BOL,SGP
683,2021,270900,1017850497.0,  2213012.073,BRA,SGP
684,2021,270900,351859962.0,   688932.787,BRN,SGP
685,2021,270900,3237476.0,     6839.695,CAN,SGP
686,2021,270900,39.0,        0.086,CHL,SGP
687,2021,270900,186553610.0,   450929.587,CHN,SGP
688,2021,270900,97182432.0,   131821.487,COG,SGP
689,2021,270900,63006146.0,   133009.000,GNQ,SGP
690,2021,270900,139.0,        0.019,FRA,SGP
691,2021,270900,71206886.0,   147326.140,GAB,SGP
692,2021,270900,1162.0,        0.020,DEU,SGP
693,2021,270900,20.0,        0.010,GUM,SGP
694,2021,270900,700069262.0,  3385107.318,GUY,SGP
695,2021,270900,1.0,        0.001,HKG,SGP
696,2021,270900,309055849.0,   747136.574,IDN,SGP
697,2021,270900,305917806.0,   760443.440,IRQ,SGP
698,2021,270900,6.0,        0.050,CIV,SGP
699,2021,270900,94723.0,       26.400,JPN,SGP
700,2021,270900,673.0,        0.273,KOR,SGP
701,2021,270900,192719656.0,   523870.200,KWT,SGP
702,2021,270900,138907287.0,   333449.300,LBY,SGP
703,2021,270900,300682363.0,   570813.736,MYS,SGP
704,2021,270900,9.0,        0.010,,SGP
705,2021,270900,6489270.0,    16631.800,MOZ,SGP
706,2021,270900,120459115.0,   243113.400,OMN,SGP
707,2021,270900,24.0,        0.015,NLD,SGP
708,2021,270900,19892924.0,    35977.100,NZL,SGP
709,2021,270900,728031396.0,  1774037.030,NGA,SGP
710,2021,270900,35122359.0,    64234.317,NOR,SGP
711,2021,270900,18593500.0,    46919.000,PAK,SGP
712,2021,270900,271525854.0,   550377.613,PNG,SGP
713,2021,270900,14.0,        0.030,PHL,SGP
714,2021,270900,90548183.0,   181731.100,TLS,SGP
715,2021,270900,3134988752.0,  5069736.186,QAT,SGP
716,2021,270900,288950770.0,   563802.969,RUS,SGP
717,2021,270900,2092112150.0,  4701189.000,SAU,SGP
718,2021,270900,282640401.0,   564668.400,VNM,SGP
719,2021,270900,4845215.0,     3600.370,ZAF,SGP
720,2021,270900,1.0,        0.003,ESP,SGP
721,2021,270900,758933.0,     1500.000,SSD,SGP
722,2021,270900,3.0,        0.010,SDN,SGP
723,2021,270900,68613779.0,   189221.142,THA,SGP
724,2021,270900,6123312799.0, 13235107.000,ARE,SGP
725,2021,270900,10079255.0,    16993.560,TUN,SGP
726,2021,270900,28.0,        0.050,EGY,SGP
727,2021,270900,105399933.0,   250844.118,GBR,SGP
728,2021,270900,2911426608.0,  7978459.602,USA,SGP
729,2021,270900,22080405.0,    40804.000,DZA,CHE
730,2021,270900,48391609.0,    90283.400,AZE,CHE
731,2021,270900,26420877.0,    55818.407,CAN,CHE
732,2021,270900,7251746.0,    14815.000,CIV,CHE
733,2021,270900,28980685.0,    62366.000,KAZ,CHE
734,2021,270900,263518707.99999997,   566023.000,LBY,CHE
735,2021,270900,3170.0,        6.998,NLD,CHE
736,2021,270900,406645907.0,   899383.000,NGA,CHE
737,2021,270900,77973824.0,   115562.200,VNM,CHE
738,2021,270900,17971356.0,    35399.141,ZAF,CHE
739,2021,270900,8419.0,        1.100,ESP,CHE
740,2021,270900,153386415.0,   329773.200,TUN,CHE
741,2021,270900,379893525.0,   879726.644,USA,CHE
742,2021,270900,507912830.0,  1169085.300,DZA,THA
743,2021,270900,1165752668.0,  2879015.023,AGO,THA
744,2021,270900,135071938.0,   277194.792,AZE,THA
745,2021,270900,252015226.0,   807974.845,AUS,THA
746,2021,270900,434510897.0,   772571.392,BRN,THA
747,2021,270900,236.0,        0.039,CHN,THA
748,2021,270900,22.0,        0.025,HRV,THA
749,2021,270900,50315525.0,   140511.600,GAB,THA
750,2021,270900,233605073.0,   465031.800,GHA,THA
751,2021,270900,1314356212.0,  2557682.038,IDN,THA
752,2021,270900,45.0,        0.005,KOR,THA
753,2021,270900,214076627.0,   503977.300,KWT,THA
754,2021,270900,50.0,        1.000,LAO,THA
755,2021,270900,1000408544.0,  2284422.100,LBY,THA
756,2021,270900,1072836270.0,  2058202.792,MYS,THA
757,2021,270900,332.0,        0.024,,THA
758,2021,270900,84008800.0,   192193.400,OMN,THA
759,2021,270900,11996709.0,    24952.000,NZL,THA
760,2021,270900,668626338.0,  1305685.179,NGA,THA
761,2021,270900,56052395.0,   119588.547,PAK,THA
762,2021,270900,222213317.0,   434684.413,PHL,THA
763,2021,270900,825722049.0,  1628528.482,QAT,THA
764,2021,270900,54415306.0,   111302.333,RUS,THA
765,2021,270900,3878553662.0,  9517494.000,SAU,THA
766,2021,270900,8117572.0,    37429.550,SGP,THA
767,2021,270900,542075715.0,   977794.383,VNM,THA
768,2021,270900,69256856.0,   137414.599,ZAF,THA
769,2021,270900,233.0,        0.509,SWE,THA
770,2021,270900,332.0,        0.020,CHE,THA
771,2021,270900,5943643736.0, 13562999.800,ARE,THA
772,2021,270900,76551939.0,   160525.000,GBR,THA
773,2021,270900,819824972.0,  2504345.750,USA,THA
774,2021,270900,438925183.0,   825121.000,YEM,THA
775,2021,270900,33587404.0,    60083.400,DZA,UKR
776,2021,270900,378219059.0,   849714.187,AZE,UKR
777,2021,270900,799738.0,     1846.931,LVA,UKR
778,2021,270900,76138968.0,   143858.830,LBY,UKR
779,2021,270900,13765.0,       23.716,ROU,UKR
780,2021,270900,42044632.0,    78669.700,GBR,UKR
781,2021,270900,16304409.0,    61039.700,USA,UKR
782,2021,270900,862281640.0,  1615222.500,DZA,GBR
783,2021,270900,364686818.0,   713960.612,AZE,GBR
784,2021,270900,2.0,        0.011,AUS,GBR
785,2021,270900,9581.0,       16.099,BEL,GBR
786,2021,270900,10.0,        0.016,BRA,GBR
787,2021,270900,342680196.0,   743014.783,CAN,GBR
788,2021,270900,487.0,        0.058,CZE,GBR
789,2021,270900,295447.0,      186.618,DNK,GBR
790,2021,270900,1430.0,        9.546,ECU,GBR
791,2021,270900,1084560.0,     2461.170,EST,GBR
792,2021,270900,682.0,        1.475,FIN,GBR
793,2021,270900,2787304.0,    47684.100,FRA,GBR
794,2021,270900,40522389.0,    82414.300,GAB,GBR
795,2021,270900,8555.0,        2.550,DEU,GBR
796,2021,270900,234950162.0,     2005.801,GUY,GBR
797,2021,270900,4265568.0,    39992.200,IRL,GBR
798,2021,270900,188945225.0,   472257.000,CIV,GBR
799,2021,270900,59.0,        0.026,KEN,GBR
800,2021,270900,1370213349.0,  2988842.000,LBY,GBR
801,2021,270900,34738528.0,   102398.045,NLD,GBR
802,2021,270900,1186068612.0,  2203914.004,NGA,GBR
803,2021,270900,11742931989.0, 23700305.618,NOR,GBR
804,2021,270900,463.0,        0.068,ROU,GBR
805,2021,270900,1413430062.0,  3117204.146,RUS,GBR
806,2021,270900,60680505.0,   158992.000,SAU,GBR
807,2021,270900,188.0,        0.004,SVN,GBR
808,2021,270900,18.0,        0.026,ZAF,GBR
809,2021,270900,1459.0,           NA,ESP,GBR
810,2021,270900,37605140.0,    83358.036,SWE,GBR
811,2021,270900,109.0,        0.090,THA,GBR
812,2021,270900,6818428.0,     2439.825,TTO,GBR
813,2021,270900,2310.0,        3.492,ARE,GBR
814,2021,270900,9886255.0,    26146.969,TUN,GBR
815,2021,270900,44788014.0,    89753.706,TUR,GBR
816,2021,270900,5476023938.0, 12932656.904,USA,GBR
817,2021,270900,360232088.0,  1027657.386,DZA,USA
818,2021,270900,1015750364.0,  2204636.823,AGO,USA
819,2021,270900,771438323.0,  1474551.875,ARG,USA
820,2021,270900,7767386.0,    23433.700,BEL,USA
821,2021,270900,8752519.0,    20406.585,BOL,USA
822,2021,270900,3095636245.0,  6618311.942,BRA,USA
823,2021,270900,3544931.0,    18794.900,BLZ,USA
824,2021,270900,104294837.0,   254654.082,CMR,USA
825,2021,270900,78816847849.0,169806349.735,CAN,USA
826,2021,270900,3348825763.0,  7408612.107,COL,USA
827,2021,270900,1114311.0,     2603.240,COG,USA
828,2021,270900,176.0,        0.020,CZE,USA
829,2021,270900,40.0,        0.001,DOM,USA
830,2021,270900,1992761194.0,  4302980.848,ECU,USA
831,2021,270900,4481756.0,    11300.500,EST,USA
832,2021,270900,2383.0,        1.927,FRA,USA
833,2021,270900,1179760000.0,  3045317.301,GHA,USA
834,2021,270900,2.0,        0.004,GRC,USA
835,2021,270900,73709568.0,   174918.754,GTM,USA
836,2021,270900,1735118148.0,  3212831.676,GUY,USA
837,2021,270900,8377984.0,     2199.472,IDN,USA
838,2021,270900,3262233299.0,  9252905.466,IRQ,USA
839,2021,270900,8619.0,        8.551,IRL,USA
840,2021,270900,494909435.0,  1201315.755,KAZ,USA
841,2021,270900,466733300.0,  1270905.921,KWT,USA
842,2021,270900,1896356560.0,  4699022.241,LBY,USA
843,2021,270900,27.0,        0.001,LUX,USA
844,2021,270900,51.0,        0.042,MLT,USA
845,2021,270900,4360385474.0,  1993199.738,MEX,USA
846,2021,270900,1514.0,        0.109,NLD,USA
847,2021,270900,8.0,        0.001,ABW,USA
848,2021,270900,115381921.0,   243477.000,NZL,USA
849,2021,270900,2835285651.0,  6411277.571,NGA,USA
850,2021,270900,84424021.0,   205065.347,NOR,USA
851,2021,270900,208028734.0,   386967.553,PER,USA
852,2021,270900,2717.0,        0.159,QAT,USA
853,2021,270900,7870.0,       14.834,ROU,USA
854,2021,270900,3774400240.0,  7382876.552,RUS,USA
855,2021,270900,7763519769.0, 20507894.889,SAU,USA
856,2021,270900,116.0,        0.003,SVN,USA
857,2021,270900,67174509.0,   134799.000,ZAF,USA
858,2021,270900,13512.0,        0.315,ESP,USA
859,2021,270900,43847498.0,    97195.000,SWE,USA
860,2021,270900,215.0,        0.107,THA,USA
861,2021,270900,948394160.0,  1311542.129,TTO,USA
862,2021,270900,415005902.0,   528896.289,ARE,USA
863,2021,270900,2203246.0,    16048.000,TUN,USA
864,2021,270900,1003676200.0,  1744001.818,GBR,USA
865,2021,270900,425147912.0,     5713.420,AGO,CAN
866,2021,270900,219068707.0,   416430.434,AZE,CAN
867,2021,270900,99.0,        0.226,AUS,CAN
868,2021,270900,61.0,        0.140,CHN,CAN
869,2021,270900,154539697.0,   365800.285,COL,CAN
870,2021,270900,37826212.0,    85136.769,ECU,CAN
871,2021,270900,51.0,        0.042,FRA,CAN
872,2021,270900,283.0,        0.638,DEU,CAN
873,2021,270900,123.0,        0.076,GUY,CAN
874,2021,270900,52.0,        0.118,JPN,CAN
875,2021,270900,12.0,        0.027,KWT,CAN
876,2021,270900,3.0,        0.008,MYS,CAN
877,2021,270900,1403561690.0,  3149492.682,NGA,CAN
878,2021,270900,466228841.0,   891968.915,NOR,CAN
879,2021,270900,42.0,        0.096,PER,CAN
880,2021,270900,1508354113.0,  3435458.997,SAU,CAN
881,2021,270900,6.0,        0.013,IND,CAN
882,2021,270900,117.0,        0.255,SWE,CAN
883,2021,270900,65687425.0,   149249.282,EGY,CAN
884,2021,270900,245114455.0,   659958.087,GBR,CAN
885,2021,270900,7357110040.0, 17443693.073,USA,CAN
886,2021,270900,483864647.0,  1012103.800,AGO,CHL
887,2021,270900,23571398.0,    49051.720,ARG,CHL
888,2021,270900,1984375202.0,  4276743.525,BRA,CHL
889,2021,270900,181790142.0,   370760.271,CAN,CHL
890,2021,270900,701285096.0,  1598862.413,ECU,CHL
891,2021,270900,878.0,        1.908,NLD,CHL
892,2021,270900,63208412.0,   124829.466,NGA,CHL
893,2021,270900,35561179.0,    95938.211,PER,CHL
894,2021,270900,387404451.0,   898307.542,USA,CHL
895,2021,270900,75866827.0,     1000.090,AGO,GIB
896,2021,270900,8440437.0,    20756.000,FRA,GIB
897,2021,270900,34074300.0,    65437.400,IRL,GIB
898,2021,270900,412838504.0,           NA,NGA,GIB
899,2021,270900,57877335.0,      950.882,AGO,ISR
900,2021,270900,887543953.0,  1710739.200,AZE,ISR
901,2021,270900,133688753.99999999,   267153.000,BRA,ISR
902,2021,270900,9.0,        0.002,KOR,ISR
903,2021,270900,86728964.0,           NA,NGA,ISR
904,2021,270900,197356750.0,   482450.043,USA,ISR
905,2021,270900,176720359.0,   496978.337,AGO,
906,2021,270900,122612029.0,   278131.000,AZE,
907,2021,270900,399298419.0,   924237.000,TCD,
908,2021,270900,103784723.0,   240616.000,COG,
909,2021,270900,35626366.0,    78271.109,IDN,
910,2021,270900,729378073.0,  1761595.000,IRQ,
911,2021,270900,3735657606.0,  8221868.000,KWT,
912,2021,270900,7025225370.0, 16379382.884,MEX,
913,2021,270900,955938219.0,  2018858.000,OMN,
914,2021,270900,180007347.0,   423377.000,NGA,
915,2021,270900,158235653.0,   322094.802,QAT,
916,2021,270900,5608533902.0, 12608735.000,SAU,
917,2021,270900,1698243796.0,  3877021.000,ARE,
918,2021,270900,2003.0,        0.047,GBR,
919,2021,270900,3634199640.0,  8855138.439,USA,
920,2021,270900,17136026.0,    40545.000,AGO,VNM
921,2021,270900,72818572.0,   139700.035,AZE,VNM
922,2021,270900,12909582.0,    28004.502,MMR,VNM
923,2021,270900,72168320.0,   150518.327,IDN,VNM
924,2021,270900,3936291653.0,  8762730.000,KWT,VNM
925,2021,270900,1.0,        0.002,NLD,VNM
926,2021,270900,88119660.0,   176057.000,NGA,VNM
927,2021,270900,48021687.0,    95964.500,RUS,VNM
928,2021,270900,1016.0,        1.819,SGP,VNM
929,2021,270900,112474190.0,   252803.144,USA,VNM
930,2021,270900,398439992.0,   662026.400,AGO,ZAF
931,2021,270900,1174.0,        8.507,BWA,ZAF
932,2021,270900,292.0,        0.014,FRA,ZAF
933,2021,270900,524694873.0,   947784.000,GHA,ZAF
934,2021,270900,12.0,        0.012,NAM,ZAF
935,2021,270900,2165603797.0,  4964460.800,NGA,ZAF
936,2021,270900,2144556453.0000002,  4440621.000,SAU,ZAF
937,2021,270900,22647475.0,    47735.300,IND,ZAF
938,2021,270900,3180.0,       32.380,ZWE,ZAF
939,2021,270900,14.0,        0.120,SWZ,ZAF
940,2021,270900,74225755.0,   129961.000,ARE,ZAF
941,2021,270900,33442171.000000004,    79966.022,GBR,ZAF
942,2021,270900,52544310.0,   139919.280,USA,ZAF
943,2021,270900,464196.0,     2041.925,ZMB,ZAF
944,2021,270900,273353086.0,   535993.000,AGO,URY
945,2021,270900,54358576.0,   131897.000,GHA,URY
946,2021,270900,395805494.0,   814962.000,NGA,URY
947,2021,270900,332121501.0,   723061.672,USA,URY
948,2021,270900,270984462.0,   541429.300,AZE,BLR
949,2021,270900,6700299887.0, 15621834.300,RUS,BLR
950,2021,270900,741296254.0,  1529939.792,AZE,HRV
951,2021,270900,159.0,        0.089,BEL,HRV
952,2021,270900,51.0,        0.015,DNK,HRV
953,2021,270900,40942510.0,    75000.000,HUN,HRV
954,2021,270900,1380590.0,     3229.198,ITA,HRV
955,2021,270900,39253578.0,    81588.210,KAZ,HRV
956,2021,270900,18207645.0,    35457.400,LBY,HRV
957,2021,270900,1.0,        0.003,NLD,HRV
958,2021,270900,79061763.0,   171100.500,NGA,HRV
959,2021,270900,44698309.0,    88240.000,NOR,HRV
960,2021,270900,359156700.0,   679922.800,RUS,HRV
961,2021,270900,23824535.0,    53865.500,EGY,HRV
962,2021,270900,1843.0,           NA,USA,HRV
963,2021,270900,275347960.0,   480785.640,AZE,CZE
964,2021,270900,40.0,        0.089,CAN,CZE
965,2021,270900,18351.0,        1.240,FRA,CZE
966,2021,270900,1022.9999999999999,        0.067,DEU,CZE
967,2021,270900,9.0,        0.021,HKG,CZE
968,2021,270900,3678.0,           NA,ITA,CZE
969,2021,270900,32.0,        0.070,JPN,CZE
970,2021,270900,572341343.0,  1239265.000,KAZ,CZE
971,2021,270900,78062085.0,   158180.000,LBY,CZE
972,2021,270900,11801249.0,    45179.000,NGA,CZE
973,2021,270900,45705866.0,    80924.008,NOR,CZE
974,2021,270900,4003.9999999999995,        0.345,POL,CZE
975,2021,270900,1648658436.0,  3371036.978,RUS,CZE
976,2021,270900,726.0,        0.018,SAU,CZE
977,2021,270900,102.0,        0.012,ESP,CZE
978,2021,270900,2.0,        0.001,TUR,CZE
979,2021,270900,184.0,        0.004,UKR,CZE
980,2021,270900,2883.0,        0.083,GBR,CZE
981,2021,270900,360592713.0,           NA,USA,CZE
982,2021,270900,41737536.0,    87840.900,AZE,IRL
983,2021,270900,168.0,           NA,BEL,IRL
984,2021,270900,164940641.0,   350678.592,CAN,IRL
985,2021,270900,33770134.0,    65140.809,DNK,IRL
986,2021,270900,2172.0,        0.035,DEU,IRL
987,2021,270900,1.0,        0.002,NLD,IRL
988,2021,270900,10.0,        0.001,NGA,IRL
989,2021,270900,247734609.0,   478480.931,NOR,IRL
990,2021,270900,37670111.0,    87840.900,TUR,IRL
991,2021,270900,86101386.0,   163043.732,GBR,IRL
992,2021,270900,839775115.0,  2042318.423,USA,IRL
993,2021,270900,80876891.0,   173464.252,AZE,ROU
994,2021,270900,33.0,        0.001,BEL,ROU
995,2021,270900,35891675.0,    68843.300,GEO,ROU
996,2021,270900,285.0,        0.009,ISR,ROU
997,2021,270900,36517891.0,    99755.100,KAZ,ROU
998,2021,270900,1407682.0,     4463.505,MDA,ROU
999,2021,270900,6.0,        0.012,NLD,ROU
1000,2021,270900,764047355.0,  1801321.259,RUS,ROU
1001,2021,270900,49387592.0,   122241.701,TUN,ROU
1002,2021,270900,389515403.0,   872959.400,TUR,ROU
1003,2021,270900,27587103.0,    89963.234,UKR,ROU
1004,2021,270900,858.0,           NA,GBR,ROU
1005,2021,270900,535008.0,     1056.614,AZE,RUS
1006,2021,270900,5158464.0,    10377.600,BIH,RUS
1007,2021,270900,20.0,        0.050,BLR,RUS
1008,2021,270900,236.0,        0.005,CAN,RUS
1009,2021,270900,22.0,        0.023,EST,RUS
1010,2021,270900,123904.0,      570.388,KAZ,RUS
1011,2021,270900,285.0,           NA,ARE,RUS
1012,2021,270900,1040.0,        0.025,USA,RUS
1013,2021,270900,510362776.0,  1008832.607,AZE,TUN
1014,2021,270900,231.0,        0.025,FRA,TUN
1015,2021,270900,115.0,        0.004,DEU,TUN
1016,2021,270900,185.0,        0.009,LBY,TUN
1017,2021,270900,331599285.0,   690645.204,AZE,TUR
1018,2021,270900,30.0,        0.025,HRV,TUR
1019,2021,270900,48060234.0,   112265.000,GRC,TUR
1020,2021,270900,64696226.0,   171213.000,ITA,TUR
1021,2021,270900,518174930.0,           NA,NGA,TUR
1022,2021,270900,860347898.0,  1694894.000,NOR,TUR
1023,2021,270900,2105830776.9999998,  4196895.821,RUS,TUR
1024,2021,270900,11.0,        0.008,SRB,TUR
1025,2021,270900,108.0,        0.005,CHE,TUR
1026,2021,270900,51198631.0,   121830.400,TUN,TUR
1027,2021,270900,1.0,        0.008,ARG,HUN
1028,2021,270900,16.0,        0.001,BEL,HUN
1029,2021,270900,5797769.0,    12248.732,CAN,HUN
1030,2021,270900,894698172.0,  1820859.570,HRV,HUN
1031,2021,270900,999163.0,     1905.883,ITA,HUN
1032,2021,270900,207378544.0,   416853.200,KAZ,HUN
1033,2021,270900,14913682.0,    31334.800,LBY,HUN
1034,2021,270900,21.0,        0.005,NOR,HUN
1035,2021,270900,1634520666.0,  3421968.872,RUS,HUN
1036,2021,270900,138470.0,      328.785,SVN,HUN
1037,2021,270900,116.0,        0.032,GBR,HUN
1038,2021,270900,307.0,        0.359,USA,HUN
1039,2021,270900,31.0,        0.004,AUS,SLB
1040,2021,270900,334269576.0,   665007.846,AUS,BRN
1041,2021,270900,63.0,        0.001,CAN,BRN
1042,2021,270900,132109497.99999999,   293601.587,COL,BRN
1043,2021,270900,41083439.0,    71225.900,GNQ,BRN
1044,2021,270900,103317511.0,   163317.000,GRC,BRN
1045,2021,270900,53552930.0,   141419.000,IRQ,BRN
1046,2021,270900,161257206.0,   272211.000,JPN,BRN
1047,2021,270900,100080923.0,   168329.600,KOR,BRN
1048,2021,270900,748833230.0,  1113619.463,MYS,BRN
1049,2021,270900,16281035.0,    32736.882,NLD,BRN
1050,2021,270900,98591070.0,   187090.726,NGA,BRN
1051,2021,270900,283274546.0,   564302.433,NOR,BRN
1052,2021,270900,49677080.0,    74642.700,PNG,BRN
1053,2021,270900,21045024.0,    48679.069,PHL,BRN
1054,2021,270900,63094579.0,   124678.861,QAT,BRN
1055,2021,270900,1138540744.0,  1744708.000,RUS,BRN
1056,2021,270900,785682642.0,   291513.000,SAU,BRN
1057,2021,270900,196167063.0,   419624.000,SGP,BRN
1058,2021,270900,25822494.0,    39833.500,VNM,BRN
1059,2021,270900,153889673.0,   101188.385,ARE,BRN
1060,2021,270900,252.0,        0.010,USA,BRN
1061,2021,270900,3398.0,        6.047,AUS,FJI
1062,2021,270900,39361.0,       12.960,AUS,KIR
1063,2021,270900,305533.0,      353.840,FJI,KIR
1064,2021,270900,23036.0,        0.600,AUS,IRQ
1065,2021,270900,9936.0,        2.906,ARE,IRQ
1066,2021,270900,2656.0,        1.150,AUS,NRU
1067,2021,270900,3305.0,        0.014,AUS,NCL
1068,2021,270900,37304614.0,    79500.000,AUS,PHL
1069,2021,270900,37845823.0,    75712.116,BRN,PHL
1070,2021,270900,605.0,        0.159,CHN,PHL
1071,2021,270900,32764507.0,   107944.623,IRQ,PHL
1072,2021,270900,356.0,        0.159,JPN,PHL
1073,2021,270900,43624227.0,   111850.776,KOR,PHL
1074,2021,270900,147663391.0,   225919.426,MYS,PHL
1075,2021,270900,60436798.0,   159310.050,OMN,PHL
1076,2021,270900,71764371.0,   124688.000,QAT,PHL
1077,2021,270900,1030277394.0,  3315202.470,SAU,PHL
1078,2021,270900,270312825.0,   823251.120,ARE,PHL
1079,2021,270900,8600.0,        1.000,AUS,SEN
1080,2021,270900,52.0,        0.022,FRA,SEN
1081,2021,270900,27099.0,       14.130,ITA,SEN
1082,2021,270900,3089132.0,     9161.910,NLD,SEN
1083,2021,270900,460201330.0,  1014731.480,NGA,SEN
1084,2021,270900,458.0,        0.053,AUT,SVK
1085,2021,270900,247.0,        0.213,BEL,SVK
1086,2021,270900,5853.0,        1.339,CZE,SVK
1087,2021,270900,150.0,        0.365,FRA,SVK
1088,2021,270900,440.0,        0.040,DEU,SVK
1089,2021,270900,123173604.0,   230677.344,HUN,SVK
1090,2021,270900,291267.0,      652.230,ITA,SVK
1091,2021,270900,29777889.0,    56951.000,KAZ,SVK
1092,2021,270900,83.0,        0.008,NLD,SVK
1093,2021,270900,2488105534.0,  5251662.929,RUS,SVK
1094,2021,270900,347.0,           NA,SWE,SVK
1095,2021,270900,6089189.0,    11796.602,BRB,JAM
1096,2021,270900,61635411.0,   139562.888,BRA,JAM
1097,2021,270900,115402270.0,   256707.000,COL,JAM
1098,2021,270900,19892407.0,    44262.577,ECU,JAM
1099,2021,270900,101.0,        0.217,BRB,SWE
1100,2021,270900,94596084.0,   228216.039,BRA,SWE
1101,2021,270900,2037.0,        4.333,CAN,SWE
1102,2021,270900,1422.0,        3.033,CHN,SWE
1103,2021,270900,6652.0,       13.866,CZE,SWE
1104,2021,270900,27877230.0,    51502.000,DNK,SWE
1105,2021,270900,7418.0,        1.000,DEU,SWE
1106,2021,270900,308.0,        0.650,IRQ,SWE
1107,2021,270900,281958526.0,   562154.000,LBY,SWE
1108,2021,270900,511.0,        1.083,OMN,SWE
1109,2021,270900,582.0,        0.505,NLD,SWE
1110,2021,270900,427381076.0,   793328.980,NGA,SWE
1111,2021,270900,6150061366.0, 11274863.723,NOR,SWE
1112,2021,270900,101.0,        0.217,PER,SWE
1113,2021,270900,330.0,        0.088,POL,SWE
1114,2021,270900,93830629.0,   226388.914,RUS,SWE
1115,2021,270900,306.0,        0.650,TGO,SWE
1116,2021,270900,103.0,        0.217,EGY,SWE
1117,2021,270900,674508252.0,  1139235.423,GBR,SWE
1118,2021,270900,593854109.0,  1197274.576,USA,SWE
1119,2021,270900,14.0,        0.001,BEL,LKA
1120,2021,270900,136.0,           NA,DEU,LKA
1121,2021,270900,9.0,        0.002,IND,LKA
1122,2021,270900,608.0,           NA,SGP,LKA
1123,2021,270900,432223118.0,  1185940.006,ARE,LKA
1124,2021,270900,26.0,           NA,USA,LKA
1125,2021,270900,122.0,        0.002,BEL,COD
1126,2021,270900,22.0,        0.012,FRA,COD
1127,2021,270900,4452.0,        5.800,RWA,COD
1128,2021,270900,919.0,        0.233,ZAF,COD
1129,2021,270900,21509.0,       11.662,ARE,COD
1130,2021,270900,11913.0,        2.778,BEL,DNK
1131,2021,270900,10066813.0,    22096.400,EST,DNK
1132,2021,270900,44.0,        0.108,FRA,DNK
1133,2021,270900,345.0,        0.036,DEU,DNK
1134,2021,270900,195256303.0,   432622.200,LBY,DNK
1135,2021,270900,1.0,        0.002,MYS,DNK
1136,2021,270900,14602.0,       13.114,NLD,DNK
1137,2021,270900,230964839.0,   448356.100,NGA,DNK
1138,2021,270900,483791314.0,   902852.677,NOR,DNK
1139,2021,270900,460637384.0,  1079664.035,RUS,DNK
1140,2021,270900,32.0,        0.001,SAU,DNK
1141,2021,270900,39378111.0,    75785.183,SWE,DNK
1142,2021,270900,317.0,        0.518,TKM,DNK
1143,2021,270900,175253449.0,   317960.635,GBR,DNK
1144,2021,270900,1019228117.0,  1965655.015,USA,DNK
1145,2021,270900,1857.0,        0.957,BEL,GNQ
1146,2021,270900,375.0,        0.798,NLD,GNQ
1147,2021,270900,973.0,        0.014,BEL,EST
1148,2021,270900,3393.0,        3.820,FIN,EST
1149,2021,270900,158.0,        0.009,DEU,EST
1150,2021,270900,1242093.0,     3330.925,LVA,EST
1151,2021,270900,27794458.0,    82742.400,LBY,EST
1152,2021,270900,12.0,        0.033,NLD,EST
1153,2021,270900,19015091.0,    49059.800,RUS,EST
1154,2021,270900,233.0,        0.005,GBR,EST
1155,2021,270900,867.0,        0.174,BEL,FIN
1156,2021,270900,48229927.0,    71762.398,DNK,FIN
1157,2021,270900,119235.0,       86.600,EST,FIN
1158,2021,270900,128.0,        0.013,DEU,FIN
1159,2021,270900,13469.0,           NA,NLD,FIN
1160,2021,270900,731864974.0,  1303575.619,NOR,FIN
1161,2021,270900,3045433759.0,  6299285.563,RUS,FIN
1162,2021,270900,28882.0,       55.318,SWE,FIN
1163,2021,270900,3244.0,        7.338,GBR,FIN
1164,2021,270900,18431417.0,    22402.507,USA,FIN
1165,2021,270900,7944.0,        3.061,BEL,GIN
1166,2021,270900,24.0,        0.004,ZAF,GIN
1167,2021,270900,47.0,        0.002,BEL,LVA
1168,2021,270900,362224.0,     1178.280,EST,LVA
1169,2021,270900,387190.0,     1276.880,LTU,LVA
1170,2021,270900,6.0,        0.013,NLD,LVA
1171,2021,270900,15605.0,        3.000,POL,LVA
1172,2021,270900,98.0,        0.002,BEL,LTU
1173,2021,270900,1076780449.0,  2247692.100,KAZ,LTU
1174,2021,270900,550984.0,     1882.119,LVA,LTU
1175,2021,270900,1675506677.0,  3299877.617,RUS,LTU
1176,2021,270900,173324894.0,   279708.234,USA,LTU
1177,2021,270900,344.0,        0.013,BEL,LUX
1178,2021,270900,12178419.0,    28165.600,BRA,LUX
1179,2021,270900,860.0,        1.501,FRA,LUX
1180,2021,270900,24558.0,        7.955,DEU,LUX
1181,2021,270900,54.0,        0.011,USA,LUX
1182,2021,270900,79.0,        0.001,BEL,NOR
1183,2021,270900,113798247.0,   278845.657,BRA,NOR
1184,2021,270900,48100684.0,   124541.000,COG,NOR
1185,2021,270900,30.0,        0.025,HRV,NOR
1186,2021,270900,11952264.0,    16980.832,DNK,NOR
1187,2021,270900,759.0,        0.020,GRC,NOR
1188,2021,270900,36006.0,       79.072,NLD,NOR
1189,2021,270900,17511737.0,    41077.900,NGA,NOR
1190,2021,270900,1.0,        0.027,PER,NOR
1191,2021,270900,296.0,        0.270,POL,NOR
1192,2021,270900,11.0,        0.002,ROU,NOR
1193,2021,270900,2342533.0,     1061.358,RUS,NOR
1194,2021,270900,3614.0,        4.000,SWE,NOR
1195,2021,270900,3869.0,        0.604,ARE,NOR
1196,2021,270900,255098988.0,   581896.143,GBR,NOR
1197,2021,270900,660089715.0,  1527803.896,USA,NOR
1198,2021,270900,63.0,        0.003,BEL,POL
1199,2021,270900,12995.0,        3.000,CHN,POL
1200,2021,270900,166.0,        0.006,CZE,POL
1201,2021,270900,69143683.0,   174799.600,IRQ,POL
1202,2021,270900,523.0,        0.023,ISR,POL
1203,2021,270900,690107664.0,  1692356.600,KAZ,POL
1204,2021,270900,12141052.0,    20093.936,LTU,POL
1205,2021,270900,11941.0,        8.137,NLD,POL
1206,2021,270900,887172713.0,  1653343.923,NGA,POL
1207,2021,270900,612423782.0,  1255636.922,NOR,POL
1208,2021,270900,5470808630.0, 11234227.670,RUS,POL
1209,2021,270900,1974312438.0,  4509829.000,SAU,POL
1210,2021,270900,2488.0,        0.790,ESP,POL
1211,2021,270900,384.0,        0.025,CHE,POL
1212,2021,270900,150099940.0,   328220.110,GBR,POL
1213,2021,270900,73809523.0,   202570.085,USA,POL
1214,2021,270900,37.0,        0.003,BOL,COL
1215,2021,270900,130.0,        0.009,BRA,COL
1216,2021,270900,790.0,        0.695,ECU,COL
1217,2021,270900,470.0,           NA,NLD,COL
1218,2021,270900,311750.0,     1497.070,PAN,COL
1219,2021,270900,122.0,        0.025,PER,COL
1220,2021,270900,21629.0,        7.800,ESP,COL
1221,2021,270900,1166.0,        2.545,SWE,COL
1222,2021,270900,125034050.0,   310535.124,TTO,COL
1223,2021,270900,225324919.0,   609585.372,USA,COL
1224,2021,270900,483129.0,     1028.800,BIH,SRB
1225,2021,270900,48886.0,       70.273,HUN,SRB
1226,2021,270900,755000428.0,  1541894.800,IRQ,SRB
1227,2021,270900,204516052.0,   376478.000,KAZ,SRB
1228,2021,270900,46192869.0,    88391.700,NOR,SRB
1229,2021,270900,15061272.0,    33346.756,ROU,SRB
1230,2021,270900,330997507.0,   570253.800,RUS,SRB
1231,2021,270900,10.0,        0.018,USA,SRB
1232,2021,270900,767.0,        0.230,BWA,NAM
1233,2021,270900,91417.0,       36.966,ZAF,NAM
1234,2021,270900,352.0,        0.077,ARE,NAM
1235,2021,270900,114.0,        0.120,BWA,ZWE
1236,2021,270900,6550.0,        2.615,ZAF,ZWE
1237,2021,270900,3675.0,           NA,CHE,ZWE
1238,2021,270900,12504.0,        9.389,ARE,ZWE
1239,2021,270900,127840411.0,   339053.400,BRA,BHS
1240,2021,270900,61020305.0,   141134.300,COL,BHS
1241,2021,270900,62944757.0,   132239.000,ZAF,BHS
1242,2021,270900,27.0,        0.006,BRA,MEX
1243,2021,270900,1514.0,        0.400,ESP,MEX
1244,2021,270900,69264148.0,   137396.000,BRA,BES
1245,2021,270900,61337046.0,   135717.000,BRA,PAN
1246,2021,270900,1942604594.0,  4246054.047,COL,PAN
1247,2021,270900,3250527352.0,  7396596.000,ECU,PAN
1248,2021,270900,10.0,        0.019,SGP,PAN
1249,2021,270900,4.0,        0.004,THA,PAN
1250,2021,270900,64667192.0,           NA,TTO,PAN
1251,2021,270900,397444500.0,   969900.000,USA,PAN
1252,2021,270900,386.0,           NA,BRA,PRY
1253,2021,270900,321.0,        0.015,DNK,PRY
1254,2021,270900,723562316.0,  1486699.876,BRA,PER
1255,2021,270900,40680820.0,   105749.500,COL,PER
1256,2021,270900,141781398.0,   301488.599,ECU,PER
1257,2021,270900,269215171.0,   508866.147,NGA,PER
1258,2021,270900,487148064.0,  1034231.140,USA,PER
1259,2021,270900,179710568.0,   411719.000,BRA,LCA
1260,2021,270900,245086047.0,   541329.100,COL,LCA
1261,2021,270900,284757281.0,   599538.400,RUS,LCA
1262,2021,270900,694451.0,     3013.689,BLZ,GTM
1263,2021,270900,25.0,        0.001,SLV,GTM
1264,2021,270900,303876.0,       30.476,KOR,GTM
1265,2021,270900,94750.0,       52.726,USA,GTM
1266,2021,270900,176396.0,      372.666,CAN,DJI
1267,2021,270900,6807.0,       12.310,ARE,DJI
1268,2021,270900,112077966.0,   236782.961,CAN,HKG
1269,2021,270900,1233738.0,     2011.200,RUS,HKG
1270,2021,270900,9274.0,           NA,ARE,HKG
1271,2021,270900,2406.0,        5.083,CAN,MNG
1272,2021,270900,121.0,        0.256,CAN,SPM
1273,2021,270900,309.0,        0.530,CHN,BWA
1274,2021,270900,9.0,           NA,ISR,BWA
1275,2021,270900,1460631.0,      182.159,ZAF,BWA
1276,2021,270900,53.0,        0.100,GBR,BWA
1277,2021,270900,131915752.00000001,   276477.452,CHN,MMR
1278,2021,270900,272859696.0,   526668.000,QAT,MMR
1279,2021,270900,113108.0,      250.098,THA,MMR
1280,2021,270900,27447.0,       15.120,ARE,MMR
1281,2021,270900,8987.0,        0.858,CHN,CRI
1282,2021,270900,6219.0,        0.562,USA,CRI
1283,2021,270900,524.0,        0.240,CHN,KEN
1284,2021,270900,92.0,        0.022,IND,KEN
1285,2021,270900,377.0,        0.120,ARE,KEN
1286,2021,270900,95.0,        0.005,GBR,KEN
1287,2021,270900,630.0,        0.036,USA,KEN
1288,2021,270900,2711.0,        3.600,CHN,LAO
1289,2021,270900,351.0,           NA,JPN,LAO
1290,2021,270900,280.0,        0.084,MYS,LAO
1291,2021,270900,48023.0,       20.240,SGP,LAO
1292,2021,270900,31232658.0,    56480.400,VNM,LAO
1293,2021,270900,737759.0,     1462.272,THA,LAO
1294,2021,270900,1270.0,        0.241,USA,LAO
1295,2021,270900,87.0,        0.045,CHN,WSM
1296,2021,270900,70189905.0,   153016.000,COL,CUB
1297,2021,270900,6172.0,        1.770,ESP,CUB
1298,2021,270900,106783653.0,   264295.300,COL,ECU
1299,2021,270900,8.0,        0.012,NLD,ECU
1300,2021,270900,7278.0,        1.600,ESP,ECU
1301,2021,270900,108603787.0,   235175.300,COL,CIV
1302,2021,270900,69413248.0,   166195.600,ECU,CIV
1303,2021,270900,31.0,        0.021,FRA,CIV
1304,2021,270900,1276143500.0,           NA,NGA,CIV
1305,2021,270900,3467.0,        0.253,ZAF,CIV
1306,2021,270900,87184385.0,   234995.000,HRV,BGR
1307,2021,270900,38623762.0,    82822.800,CYP,BGR
1308,2021,270900,220752939.0,   482901.000,GRC,BGR
1309,2021,270900,131808674.0,   327979.000,ISR,BGR
1310,2021,270900,47516464.0,    81291.800,LBY,BGR
1311,2021,270900,37088179.0,    75082.300,ROU,BGR
1312,2021,270900,840957220.0,  1690476.169,RUS,BGR
1313,2021,270900,145940629.0,   321425.500,EGY,BGR
1314,2021,270900,1252.0,        0.354,CZE,MDA
1315,2021,270900,1180.0,        0.354,ESP,MDA
1316,2021,270900,25.0,        0.001,CZE,TKM
1317,2021,270900,8071.0,        0.302,DNK,GRL
1318,2021,270900,5.0,        0.011,DNK,ISL
1319,2021,270900,117.0,        0.266,DEU,ISL
1320,2021,270900,162.0,        0.368,SWE,ISL
1321,2021,270900,18.0,        0.042,GBR,ISL
1322,2021,270900,26788.0,       18.680,FJI,CXR
1323,2021,270900,41248.0,       41.320,FJI,VUT
1324,2021,270900,108534.0,      119.004,FJI,FSM
1325,2021,270900,1891275.0,     2100.597,FJI,MHL
1326,2021,270900,134797.0,      166.970,FJI,TUV
1327,2021,270900,238627.0,      209.460,FJI,WLF
1328,2021,270900,240.0,        0.010,FRA,AGO
1329,2021,270900,778.0,           NA,NOR,AGO
1330,2021,270900,312.0,        0.259,PRT,AGO
1331,2021,270900,2312.0,        0.582,ZAF,AGO
1332,2021,270900,487208.0,      235.655,ARE,AGO
1333,2021,270900,1321.0,           NA,GBR,AGO
1334,2021,270900,163.0,        0.065,USA,AGO
1335,2021,270900,4736.0,        8.000,FRA,COG
1336,2021,270900,1687.0,        0.030,ZAF,COG
1337,2021,270900,5.0,        0.003,FRA,MDG
1338,2021,270900,11.0,        0.006,FRA,MAR
1339,2021,270900,2612.0,        0.397,ESP,MAR
1340,2021,270900,2824.0,           NA,FRA,SAU
1341,2021,270900,74176.0,      262.670,MDA,SAU
1342,2021,270900,3824.0,        0.085,ARE,SAU
1343,2021,270900,218.0,        0.504,GEO,UZB
1344,2021,270900,63067695.0,   143216.258,KAZ,UZB
1345,2021,270900,1541446.0,     3091.873,KGZ,UZB
1346,2021,270900,33582837.0,    60555.703,RUS,UZB
1347,2021,270900,135965685.0,   308096.558,TKM,UZB
1348,2021,270900,41.0,        0.001,DEU,BOL
1349,2021,270900,50.0,        0.003,USA,BOL
1350,2021,270900,29334.0,        7.135,DEU,LBN
1351,2021,270900,59.0,        0.013,GBR,LBN
1352,2021,270900,1378.0,        0.150,USA,LBN
1353,2021,270900,306.0,        1.000,DEU,PAK
1354,2021,270900,262151974.99999997,   626237.000,KWT,PAK
1355,2021,270900,34629863.0,    63183.000,MYS,PAK
1356,2021,270900,557.0,        1.000,NLD,PAK
1357,2021,270900,1875788571.0,  4444890.000,SAU,PAK
1358,2021,270900,1358371384.0,   649498.936,ARE,PAK
1359,2021,270900,23.0,        0.001,DEU,RWA
1360,2021,270900,4185.0,        5.800,ARE,RWA
1361,2021,270900,275549824.0,   103255.125,GUY,BRB
1362,2021,270900,1755212.0,     3951.230,JAM,BRB
1363,2021,270900,13164.0,       23.856,HUN,BIH
1364,2021,270900,15787.0,       23.883,ROU,BIH
1365,2021,270900,224646.0,      354.960,SRB,BIH
1366,2021,270900,37150.0,        1.248,SVN,BIH
1367,2021,270900,67922328.0,   146909.119,IRQ,JOR
1368,2021,270900,887763954.0,  1926433.379,SAU,JOR
1369,2021,270900,280535283.0,   633976.476,IRQ,EGY
1370,2021,270900,768576022.0,  1740363.717,KWT,EGY
1371,2021,270900,115463015.0,   264177.283,MAR,EGY
1372,2021,270900,1969092835.0,  4452828.393,SAU,EGY
1373,2021,270900,5.0,        0.001,IRL,NGA
1374,2021,270900,518.0,        0.025,ISR,SLV
1375,2021,270900,34566.0,       35.924,IND,SLV
1376,2021,270900,6591.0,       12.986,ISR,PSE
1377,2021,270900,21304391.0,    54548.241,ITA,MLT
1378,2021,270900,12.0,        0.028,NLD,MLT
1379,2021,270900,5712283.0,    10016.200,ESP,MLT
1380,2021,270900,324.0,        0.025,SDN,MLT
1381,2021,270900,193.0,        0.019,GBR,MLT
1382,2021,270900,45.0,        0.005,ITA,SVN
1383,2021,270900,42549800.0,    67724.700,ESP,SVN
1384,2021,270900,24.0,        0.010,ITA,TZA
1385,2021,270900,7498.0,        2.640,ZAF,TZA
1386,2021,270900,431.0,        1.450,ARE,TZA
1387,2021,270900,87.0,        0.007,JAM,TTO
1388,2021,270900,299080.0,      595.282,KAZ,KGZ
1389,2021,270900,14233.0,       12.582,KEN,UGA
1390,2021,270900,18315083.0,    35436.000,KWT,OMN
1391,2021,270900,194.0,        0.004,QAT,OMN
1392,2021,270900,111839.0,      336.689,ARE,OMN
1393,2021,270900,219.0,        2.000,TZA,OMN
1394,2021,270900,473989.0,     2848.983,KGZ,TJK
1395,2021,270900,16369386.0,    39922.100,MYS,PNG
1396,2021,270900,19999290.0,    45753.000,PAK,PNG
1397,2021,270900,18983.0,       53.400,OMN,QAT
1398,2021,270900,27469.0,        2.793,ESP,QAT
1399,2021,270900,5.0,        0.010,NLD,CYP
1400,2021,270900,1324272.0,     2749.850,TUN,CYP
1401,2021,270900,1300.0,        0.300,GBR,CYP
1402,2021,270900,102523711.0,           NA,NGA,GHA
1403,2021,270900,168.0,        0.007,ARE,GHA
1404,2021,270900,412809698.0,           NA,NGA,TGO
1405,2021,270900,3673.0,        6.793,PRT,MOZ
1406,2021,270900,2447.0,        0.083,SGP,MOZ
1407,2021,270900,3225.0,        6.767,ZAF,MOZ
1408,2021,270900,64.0,        0.040,SWZ,MOZ
1409,2021,270900,13835.0,       23.638,ROU,ALB
1410,2021,270900,189815.0,      492.375,RUS,KAZ
1411,2021,270900,888.0,        1.000,IND,NPL
1412,2021,270900,122.0,        0.130,ZAF,GMB
1413,2021,270900,868.0,        2.034,SWE,GMB
1414,2021,270900,19684.0,       51.780,ARE,GMB
1415,2021,270900,22.0,        0.150,USA,GMB
1416,2021,270900,137479.0,       95.793,ZAF,LSO
1417,2021,270900,1494.0,        1.455,ZAF,MWI
1418,2021,270900,24156.0,       30.000,ZMB,MWI
1419,2021,270900,2893.0,        0.048,ZAF,MLI
1420,2021,270900,227.0,        0.089,ZAF,SHN
1421,2021,270900,44.0,        0.002,ZAF,SYC
1422,2021,270900,879.0,        0.295,ARE,SYC
1423,2021,270900,8478.0,        0.764,ZAF,SWZ
1424,2021,270900,5400.0,        2.361,ZAF,ZMB
1425,2021,270900,39871942.0,    83373.510,ARE,ZMB
1426,2021,270900,138.0,        0.003,ESP,AND
1427,2021,270900,345.0,        0.060,THA,KHM
1428,2021,270900,19716.0,       14.096,ARE,BGD
1429,2021,270900,682.0,        0.996,ARE,BDI
1430,2021,270900,1409.0,        0.400,ARE,COM
1431,2021,270900,224101.0,      221.087,ARE,ETH
1432,2021,270900,101.0,        0.005,ARE,GAB
1433,2021,270900,119.0,        0.133,ARE,KWT
1434,2021,270900,98673.0,       34.314,ARE,YEM
1435,2021,270900,60.0,        0.002,TUN,LBY
1436,2021,270900,46008663.0,    89738.360,TKM,AZE
1437,2021,270900,460.0,        0.012,GBR,MRT
1438,2021,270900,344850.0,     1337.349,USA,ARG
1439,2021,270900,55725566.0,   155445.078,USA,DMA
1440,2021,270900,441746541.0,  1121513.063,USA,DOM
1441,2021,270900,411.0,        0.037,USA,GUY
1442,2021,270900,61800500.0,   136740.000,USA,ABW
1443,2021,270900,153244358.0,   515301.359,USA,NIC
1444,2021,270900,31474520.0,    76956.000,USA,VEN
