0101,0102,0103,0201,0301,0401,0501,0601,0701,0801,0802,0901,1001,1101,1102,1103,1104,1105,1106,1107,1108,1109,1201,1202,1205,1301,1302,1303,1304,1305,1306,1401,1402,1501,1502,1601,1701,1801,1802,1803,1804,1901,1902,2001,2002,2003,2004,2005,2101,2102,2201,2202,2203,2204,2301,2302,2303,2304,2401,2403,2404,2405,2501,2502,2601,2605,2701,2801,2901,3001,3002,3101,3201,3301,3901,4401,4501,4601,4701,4801,4901,5101,5201,5401,5501,5601,5701,5801,6001,6201,6301,6401,6601,6701,6702,6901,7001,7210,7310,7501,7601,7701,8010,8110,8210,8401,8601,8901,9101,9201,9401,9402,9501,9502
2912,403,45,0,0,1,10,0,0,0,0,0,0,17168,0,5015,1,137,1834,71,32,106,17,504,305,112,7,464,0,0,0,0,0,0,1,0,0,35,63,70,29,0,0,0,0,0,0,0,0,0,0,0,0,0,0,0,0,0,0,0,0,0,0,0,0,0,0,0,0,0,0,0,0,282,1526,29,33,0,0,0,0,0,0,0,0,0,0,0,0,0,0,0,0,0,0,16,0,0,3,0,0,4,0,0,0,0,15,0,0,0,0,0,1,32
45,177,138,0,0,6,0,0,0,0,0,0,0,4839,0,119,0,1,3,65,51,216,0,0,0,0,0,0,0,0,0,0,0,0,0,0,0,11,0,0,1,0,0,0,0,0,0,0,0,0,0,0,0,0,0,0,0,0,0,0,0,0,0,0,0,0,0,0,0,0,0,0,0,204,631,62,218,0,0,0,0,0,0,0,2,0,0,0,0,0,0,0,0,0,2,5,0,0,0,0,0,10,35,36,3,49,23,0,81,18,0,0,1,0
2248,521,627,0,0,0,2141,0,0,0,0,0,0,14,0,16,1383,28,4,184,1868,1086,17,6,2130,3,0,6,0,0,0,0,0,0,0,0,0,2,0,2,0,408,83,0,0,0,0,0,0,0,0,1,0,1,0,0,0,0,0,0,0,0,25,0,3,5,0,32,0,155,62,52,664,53,671,213,1060,2,7,6,0,0,2,0,39,0,0,0,1,1,0,0,43,0,47,37,0,18,13,78,17,22,57,79,10,245,123,27,162,81,9,6,149,4
0,0,0,76,0,0,0,0,0,0,0,0,0,0,402,0,0,158,0,31,18,270,0,0,0,0,0,0,0,0,0,0,0,0,0,0,0,0,0,0,0,0,0,0,0,0,0,0,0,0,0,0,0,0,0,0,0,0,0,0,0,0,0,0,0,0,0,0,0,0,0,0,0,14,427,110,202,0,0,0,0,0,0,0,0,0,0,0,0,0,0,0,0,0,0,0,0,0,0,0,0,0,0,0,0,0,0,0,0,14,0,0,0,0
51,14,25,0,175,0,0,4,5,0,0,0,0,0,0,0,0,0,0,0,0,0,0,0,0,0,0,0,0,0,0,1778,724,0,0,3,7,34,0,116,39,41,0,0,0,0,0,0,0,0,0,0,0,0,0,0,0,0,0,0,0,0,0,0,0,0,0,0,0,0,0,0,0,0,0,0,0,0,2,0,0,0,0,0,0,0,0,0,0,0,0,0,0,0,0,0,0,0,0,0,0,0,0,0,0,0,0,0,0,0,0,0,0,0
20,6,19,0,0,5,0,0,0,0,0,0,0,0,297,0,1,1,2,2,0,16,2,0,0,0,8,0,0,0,0,0,0,0,0,0,0,0,0,0,0,0,0,0,0,0,0,0,0,0,0,0,0,0,0,0,0,0,0,0,0,0,0,2,0,0,0,0,0,0,0,0,0,19,462,61,167,0,0,0,0,0,0,0,0,0,0,0,0,0,0,0,0,0,0,0,0,0,0,6,0,0,0,0,0,0,0,2,1,2,0,0,0,0
3347,214,3833,58,745,248,274,23,0,44,189,11,0,0,0,0,0,0,0,0,0,0,0,0,0,0,0,0,0,0,0,0,0,0,0,0,0,0,0,0,0,0,0,0,0,0,0,0,0,0,0,0,0,0,0,0,0,0,0,0,0,0,0,0,0,0,0,0,0,0,0,0,0,10,0,0,0,6,0,0,0,0,2,0,0,0,0,0,0,0,0,0,0,0,0,4,0,0,0,77,0,1,0,0,0,0,0,0,0,0,0,0,0,0
0,0,0,0,0,0,0,110,0,13,5,6,0,3,0,0,1,1,4,0,4,1,0,0,0,1,0,0,0,0,0,0,0,8,0,0,6,0,0,19,0,0,0,0,0,14,0,0,732,322,0,27,26,0,0,0,0,0,0,0,0,0,0,0,1947,0,0,0,0,0,0,0,0,0,0,0,0,0,0,0,0,0,0,0,0,0,0,0,0,0,0,0,0,0,0,0,0,0,0,0,0,0,0,0,0,0,0,0,0,0,0,0,0,0
55,0,10,2,0,0,0,39,792,214,35,18,0,81,0,90,19,44,40,35,33,86,30,26,49,0,0,8,0,0,0,11,83,128,145,31,4709,1,0,1524,7,193,14,211,36,41,96,29,161,781,10,63,34,40,15,4,7,6,9,3,3,10,5,0,1480,2,30,0,2,107,170,0,26,1584,38,11,507,264,3,15,1,162,18,38,10,0,0,24,0,3,0,0,43,6,23,165,0,55,0,54,40,11,67,40,7,134,137,1,6,4,21,5,20,9
0,0,0,0,0,0,0,11,0,0,0,0,0,0,0,0,0,0,0,0,0,0,0,0,0,0,0,0,0,0,0,0,0,0,0,0,0,0,0,0,0,0,0,0,0,0,0,0,1717,11,0,0,0,0,0,0,0,0,0,0,0,0,0,0,0,0,0,0,0,0,0,0,0,0,0,0,0,0,0,0,0,0,0,0,0,0,0,0,0,0,0,0,0,0,0,0,0,0,0,0,0,0,0,0,0,0,0,0,0,0,0,0,0,0
0,0,0,0,0,0,0,0,0,0,0,0,0,0,0,0,0,0,0,0,0,0,0,0,0,0,0,0,0,0,0,0,0,0,0,0,0,0,0,504,8,0,0,0,5,538,16,158,1202,43800,0,0,0,0,0,0,0,0,0,0,0,0,0,0,0,0,0,0,0,0,0,0,0,36,0,0,0,0,0,0,0,0,0,0,0,0,0,0,0,0,0,0,0,0,0,0,0,0,0,0,0,0,0,0,0,0,0,0,0,0,0,0,0,0
1,0,1,0,0,0,0,38,32,22,90,9,0,0,0,0,0,0,0,0,0,72,0,0,0,0,0,0,0,0,0,0,0,0,0,0,2,0,0,37,0,0,0,322,136,762,60,292,153,1,33,3,4,21,0,0,0,0,0,2,0,3,0,61,0,0,0,43,0,163,158,214,2433,0,32,1,2,0,0,0,0,0,0,0,0,0,0,0,1,0,0,0,1,3,3,4,0,1,0,0,0,0,2,3,0,4,6,0,13,14,0,0,7,1
0,0,0,0,0,0,0,6128,839,3162,5300,809,92,0,0,0,0,0,0,0,0,0,0,0,0,0,0,0,0,0,0,0,0,0,0,0,0,0,0,0,0,0,0,0,0,0,0,0,0,0,0,0,0,0,0,0,0,0,0,0,0,0,0,0,0,0,0,0,0,0,0,0,0,0,0,0,0,0,0,0,0,0,0,0,0,0,0,0,0,0,0,0,0,0,0,0,0,0,0,0,0,0,0,0,0,0,0,0,0,0,0,0,0,0
93,39,1,0,0,0,0,0,3,0,0,0,0,822,2,0,89,50,32,816,44,1082,6,1,2,0,258,1,0,0,0,0,0,0,0,0,0,4,3,100,31,0,0,0,0,0,0,0,0,0,0,0,0,0,0,0,0,0,0,1,0,1,0,10,0,0,0,1,18,1,8,10,63,771,522,388,7574,0,1,0,0,1,0,0,0,0,0,0,0,0,0,0,2,0,2,76,0,19,11,0,5,39,51,54,3,321,424,2,2,11,28,1,9,16
0,0,0,25,0,5,6,1,1,1,9,0,4,4,2,0,4,0,1,23,2,97,0,2,0,0,0,0,0,0,0,0,0,0,0,0,0,6,0,15,6,0,0,0,0,0,0,0,0,0,0,0,0,0,0,0,0,0,0,0,0,0,0,0,0,0,0,0,0,2,2,1,0,157,114,43,214,0,0,0,0,0,0,0,0,0,0,0,0,0,0,0,0,0,8,9,0,2,1,18,13,15,19,27,2,62,128,0,2,23,0,0,0,0
61,23,0,0,0,0,0,0,1,5,13,0,0,19,0,2089,2,134,9,160,143,386,9,0,11,0,0,0,1,0,0,0,0,0,0,0,0,31,0,3,26,0,0,0,0,0,0,1,0,0,0,0,0,0,1,1,2,1,1,1,0,0,0,2,0,1,0,8,44,8,8,9,25,69,337,84,561,4,2,0,0,17,0,0,1,0,0,0,0,0,0,0,5,0,8,80,0,33,18,0,6,64,70,76,9,422,633,3,1,21,21,6,25,32
0,0,1,0,0,0,0,0,0,0,0,0,0,19,1,4,125,1,24,206,9,27,10,0,0,0,0,0,0,0,0,0,0,0,0,0,0,1,0,0,0,0,0,0,0,0,0,0,0,0,0,0,0,0,1,1,0,0,0,0,0,0,0,0,0,0,0,0,0,0,0,0,0,4,62,20,281,0,0,0,0,0,0,0,0,0,0,0,0,0,0,0,0,0,0,0,0,0,0,0,35,26,19,22,2,121,302,0,3,11,0,0,0,12
0,0,0,0,0,0,0,0,0,0,0,0,0,0,9,22,41,539,27,189,25,180,5,0,0,0,0,0,0,0,0,0,0,0,0,0,0,28,0,10,5,24,0,0,0,0,0,0,0,0,0,0,0,0,0,0,0,0,0,0,0,0,0,0,0,0,0,0,0,0,0,0,0,0,6,5,75,0,0,0,0,0,0,0,0,0,0,0,0,0,0,0,0,0,0,0,0,0,0,0,0,0,8,11,1,3,6,0,0,0,0,0,0,0
12,15,14,0,0,1,0,0,0,0,1,0,0,27,0,18,75,1,130,843,153,151,49,118,0,0,0,0,0,0,0,0,0,0,0,0,0,0,0,0,0,0,0,0,0,0,0,0,0,0,0,0,0,0,0,0,0,0,0,0,0,0,0,0,0,0,0,0,0,0,0,0,2,10,221,97,347,0,0,0,0,0,0,0,0,0,0,0,0,0,0,0,0,0,0,1,0,0,0,0,16,24,30,35,3,141,331,0,3,18,0,1,0,0
3,1,2,1,0,0,2,25,3,11,40,2,19,1,1,31,3,2,2,96,67,76,1,0,1,0,0,2,0,0,0,0,1,2,3,1,19,5,0,3,2,2,4,1,0,1,0,0,2,0,1,3,1,3,0,3,3,5,2,6,0,3,1,0,0,1,3,3,20,0,0,0,12,59,255,59,1017,1,2,6,0,4,0,0,1,0,0,0,0,0,0,0,2,0,2,36,0,8,5,14,62,20,84,116,12,50,270,2,5,19,1,0,7,4
1,0,0,0,0,0,0,0,0,0,0,0,0,0,4,69,6,2,154,516,1053,589,222,32,12,0,0,0,0,0,0,0,0,0,0,0,2,16,0,0,3,0,0,0,0,0,0,0,0,0,0,0,0,1,0,0,0,0,0,1,0,0,0,1,1,1,0,0,0,0,0,0,0,0,64,95,757,2,0,0,0,0,0,0,1,0,0,0,0,0,0,0,0,0,0,12,0,5,3,0,5,13,10,11,1,3,94,1,1,10,0,0,2,0
823,564,3,116,0,21,84,0,13,0,0,0,12,22,7,304,742,28,200,717,305,1198,12,8,1,0,0,0,0,0,0,0,0,0,0,0,0,3,0,12,0,3,0,0,0,0,0,0,0,0,0,0,0,0,0,0,0,0,2,1,1,2,1,0,0,0,3,0,24,1,0,0,16,45,387,95,858,1,0,0,0,0,1,0,11,0,0,0,0,0,0,0,0,0,0,12,0,8,4,28,109,73,36,42,3,91,601,55,647,71,1,2,51,2
0,0,0,0,0,0,0,0,0,0,0,0,0,0,0,0,0,0,0,0,0,0,44,0,3,0,0,1,0,0,0,0,1,0,1,1,0,0,0,0,0,0,0,0,0,0,0,0,1,0,0,0,0,0,0,0,0,0,0,0,0,0,0,0,0,0,0,0,0,0,0,0,0,1,1,2,35,0,0,0,0,0,0,0,0,0,0,0,0,0,6,2,0,0,0,0,0,0,0,0,4,0,0,0,0,0,1,0,16,15,1,0,1,0
11,0,2,0,0,0,10,2,2,0,6,1,0,0,0,0,0,0,0,0,0,0,12,146,5,0,0,1,0,0,0,0,1,1,0,0,0,0,0,0,0,1,0,0,0,0,0,0,1,0,0,1,0,0,0,1,0,0,0,0,0,1,0,0,0,0,0,0,0,1,0,1,1,3,4,130,688,1,1,0,4,0,0,0,0,0,0,0,0,23,0,0,1,0,1,1,0,1,0,18,7,1,0,12,1,0,2,0,4,25,1,0,2,0
0,0,0,0,0,0,1,0,0,0,0,1,0,1,0,0,2,0,0,1,1,2,1,0,123,0,0,1,0,0,0,0,0,0,0,0,0,0,0,1,0,0,0,0,0,0,0,0,0,0,0,0,1,0,0,0,0,0,0,0,0,0,0,0,0,0,0,0,0,0,0,0,0,1,0,48,443,0,0,0,2,0,0,0,0,0,0,0,0,47,0,0,0,0,0,0,0,0,0,15,0,0,0,7,0,0,0,0,0,7,0,0,0,0
0,0,0,3,0,3,3,0,0,0,4,0,0,5,0,0,0,0,0,0,0,0,6,2,3,16,0,175,0,7,1,0,0,0,0,6,0,2,0,0,0,23,1,0,0,0,0,0,0,0,0,0,0,0,5,3,6,11,3,0,0,3,95,2,0,0,0,0,0,1,2,2,0,0,4,0,0,0,0,0,0,0,0,0,0,0,0,0,0,0,0,0,0,0,0,1,0,0,0,0,0,0,208,88,0,31,23,0,0,0,1,8,0,0
0,0,1,0,0,0,0,0,0,0,0,0,0,0,1,2,6,40,0,1,9,10,4,2,2,2,24,3,0,1,3,1,1,3,0,5,2,7,8,24,1,10,3,5,1,12,52,26,3,4,7,1,0,37,5,24,0,0,4,0,0,32,31,26,0,3,2,1,0,24,3,8,64,171,13,3,1,14,13,3,9,47,0,0,1,0,0,0,0,11,0,0,0,0,0,48,0,21,15,25,331,21,24,54,4,2,2,16,16,15,1,2,11,3
8,1,27,12,2,18,24,4,36,4,30,1,1,36,1,21,1,5,30,15,34,46,6,0,1,1,2,101,0,0,1,1,9,1,14,18,1,7,0,42,11,65,3,7,1,7,30,1,27,0,1,30,3,38,21,45,9,33,16,3,1,4,84,1,0,0,0,0,64,343,308,65,375,172,220,47,8,141,17,8,0,12,2,0,4,0,0,0,0,0,0,0,18,0,3,47,0,14,20,20,80,67,41,57,5,283,219,5,11,13,25,16,87,29
0,0,0,0,0,0,0,0,0,0,0,0,0,0,0,0,0,0,0,0,0,0,0,0,0,0,0,8,2,76,0,0,0,0,5,0,0,0,0,0,0,0,0,0,0,0,1,0,0,0,0,0,1,0,0,0,0,0,0,0,0,0,1,2,0,0,0,0,0,1,0,0,0,8,75,0,2,0,0,0,0,0,0,0,0,0,0,0,0,0,0,0,0,0,0,3,0,1,0,0,9,0,0,0,0,66,46,0,2,2,0,1,0,0
7,2,6,6,0,6,9,65,15,16,77,6,9,10,0,1,0,0,0,3,6,1,2,0,0,5,4,72,0,99,39,0,0,0,5,6,4,0,0,2,0,1,0,4,0,4,2,0,2,0,0,41,10,26,5,7,4,5,5,2,2,10,5,18,3,8,2,1,60,26,9,11,87,170,126,8,17,11,16,4,0,22,7,0,4,11,0,19,0,7,0,0,4,0,4,14,0,15,8,54,116,78,33,38,5,258,643,7,15,9,19,14,66,19
3,5,2,1,0,1,29,27,19,9,29,0,0,4,0,4,1,0,2,2,5,1,4,2,1,0,8,13,0,1,40,0,3,0,0,5,0,1,0,4,1,10,1,1,0,6,1,1,5,0,1,5,1,3,1,2,4,14,3,1,0,5,2,2,10,20,16,0,0,40,0,0,14,59,23,8,3,11,7,0,0,19,3,0,5,0,0,42,0,0,0,0,0,0,8,30,0,4,14,0,8,14,14,8,0,362,135,12,10,10,25,45,12,5
9,3,3,1,0,1,4,1,0,0,1,0,0,0,0,0,0,0,0,0,0,0,0,0,0,0,0,1,0,0,0,95,1170,442,0,0,0,0,0,0,0,0,0,0,0,0,0,0,2,0,0,3,0,0,0,1,0,0,0,0,0,1,517,5,0,0,0,1,0,630,73,198,2068,53,58,1,2,1,1,0,0,0,0,0,0,0,0,0,0,0,0,0,0,0,0,1,0,0,0,0,4,0,8,7,0,0,0,0,0,0,0,62,0,0
8,2,3,3,0,2,4,1,1,4,30,1,2,0,0,0,0,0,0,1,0,1,2,0,0,0,0,6,0,0,0,2,2,2,1,1,12,0,0,1,0,31,1,8,1,2,20,1,11,0,0,98,4,14,2,27,16,23,2,1,1,24,311,10,0,0,0,22,22,6440,843,530,3028,37,36,3,3,34,2,1,0,5,28,0,3,0,0,0,1,0,0,0,2,0,2,1,0,0,1,2,20,5,83,125,30,1,2,8,1,0,4,36,2,0
1,0,1,0,0,0,0,0,3,1,14,1,19,0,0,2,2,0,17,0,1,1,36,5,0,0,0,2,0,0,0,1,21,128,571,420,4,0,0,23,1,23,5,4,2,21,27,3,2,0,0,8,0,3,1,1,0,0,2,3,0,1,1,1,0,1,5,0,16,82,2,39,39,300,94,3,14,18,4,6,8,28,0,659,2,0,0,0,3,14,0,65,3,0,3,3,2,17,10,195,5,23,1,2,0,5,33,14,0,0,0,0,28,4
2,53,4,0,0,0,0,1,4,0,7,0,0,107,11,255,87,19,103,41,168,159,341,46,55,0,0,4,0,0,0,0,23,76,182,39,4,247,1,37,23,87,7,2,1,80,4,1,1,0,0,7,1,18,9,2,1,0,16,5,7,24,3,1,16,13,1,2,11,295,33,144,89,622,691,25,170,10,5,6,8,4,0,11,2,1,0,4,0,19,7,9,5,0,3,63,6,45,4,140,3,8,47,62,7,172,149,3,1,2,6,13,24,2
1,0,0,0,0,0,2,8,6,1,18,1,2,3,0,5,0,0,2,1,3,2,2,0,0,0,0,0,0,0,0,0,2,5,23,124,2,6,0,5,0,7,0,0,0,3,1,0,3,0,0,8,1,6,2,1,1,2,4,4,0,8,2,1,2,7,3,1,17,26,1,24,0,131,244,5,15,9,1,1,0,42,2,407,481,3,3,61,1,39,153,64,16,0,27,83,56,25,12,141,48,23,94,78,13,10,29,25,13,16,8,9,17,2
892,100,671,105,452,101,69,1901,224,2092,900,148,136,20,0,12,2,2,3,13,7,11,5,7,16,0,0,1,0,0,5,5,13,4,9,9,985,6,0,286,17,124,10,13,2,43,7,2,73,704,3,62,10,36,11,17,31,16,4,3,2,14,1,4,134,29,2,296,171,750,281,700,1772,286,248,26,55,4317,416,423,1401,390,207,55,27,5,0,406,1,126,70,170,72,0,24,280,1,38,12,55,229,126,24,16,6,95,58,5,29,2,82,7,28,10
0,0,0,0,0,0,0,8,1,3,14,1,1,0,0,0,0,0,0,0,1,1,0,0,0,0,0,0,0,0,0,0,1,3,2,0,1,46,0,0,0,0,0,2,0,0,1,1,3,0,0,0,0,3,0,0,0,0,0,0,0,0,0,0,0,1,0,0,0,0,3,4,15,24,15,0,0,0,0,0,0,0,0,0,0,0,0,0,0,0,0,0,0,0,0,3,0,0,0,0,0,0,4,4,0,207,16,0,0,0,1,0,2,0
1474,105,40,2,0,1,16,0,0,0,0,0,0,0,0,0,0,0,0,0,0,1,0,0,0,0,0,0,0,0,0,0,0,0,0,0,0,311,471,0,22,0,0,0,0,0,0,0,0,0,0,0,0,0,0,0,0,0,0,0,0,0,0,0,0,0,0,0,0,0,0,0,2,0,0,0,0,0,0,6,0,0,0,0,9,0,0,0,0,0,0,0,2,0,6,16,0,3,22,0,0,2,59,82,5,32,81,14,1098,13,0,0,17,0
1886,89,889,5,1,7,354,332,66,144,793,54,52,21,1,36,5,4,24,10,70,46,21,6,9,0,1,27,0,0,1,11,125,85,172,63,707,1205,5,1325,128,2795,40,194,14,84,99,57,71,5,1,68,19,106,34,63,38,55,56,156,9,40,34,45,29,73,13,409,53,184,897,491,2886,308,153,11,4,24,21,3,5,23,13,28,43,0,0,3,1,1,0,0,78,0,49,141,0,5,157,42,113,69,81,104,10,186,560,23,80,102,50,64,153,3
0,0,0,3,0,2,7,33,20,5,20,1,0,46,0,1,0,0,1,2,11,3,17,1,6,0,0,0,0,0,0,0,0,0,4,0,28,34,0,27,64,2,14,6,1,9,1,1,1,0,0,0,0,0,0,0,0,0,6,4,1,14,0,0,6,5,0,36,4,20,4,9,90,302,169,28,83,21,30,0,0,0,4,0,0,5,0,0,0,0,0,0,75,0,23,94,0,42,66,1,53,17,56,66,6,89,199,0,12,3,19,13,147,6
20,3,47,24,1,21,19,45,70,42,109,52,46,55,2,306,33,15,56,48,91,80,380,16,26,0,0,65,0,1,0,4,176,21,237,377,85,413,2,328,115,775,0,36,4,20,16,12,22,1,0,95,14,47,255,39,42,313,159,79,26,120,147,121,3,9,3,150,39,1181,538,995,5565,887,681,40,49,737,8,7,19,262,23,57,8,0,0,0,1,0,0,0,19,311,28,70,0,18,45,150,221,23,70,94,12,209,158,12,9,7,437,219,101,2
0,0,0,14,0,10,3,85,48,30,120,2,4,0,0,0,0,0,0,1,0,1,0,0,0,0,0,1,0,0,1,0,0,1,3,3,0,0,0,2,0,6,19,0,0,0,0,0,3,0,0,2,3,3,72,23,35,39,6,1,4,66,10,1,23,41,2,3,33,3,44,36,81,280,50,14,2,9,2,0,0,9,0,0,0,0,0,0,0,0,0,0,1,0,1,63,0,5,26,93,233,29,7,10,1,110,62,1,0,0,31,140,47,2
0,0,0,0,0,0,0,0,1,0,0,0,0,0,0,0,73,5,8,0,5,67,155,31,118,0,0,0,0,0,0,9,67,0,1,0,0,122,0,33,16,1,0,51,0,0,0,0,0,0,0,358,1,2,66,14,32,71,7,5,8,21,39,1,0,0,0,0,0,33,44,60,267,220,35,5,8,0,0,0,0,0,0,0,0,0,0,0,0,0,0,0,6,0,1,9,0,0,1,1,7,1,8,9,1,8,3,0,0,0,121,39,4,0
0,0,0,0,0,0,0,0,0,0,0,0,0,0,0,0,0,0,0,0,0,0,0,0,0,0,0,0,0,0,0,0,0,0,0,0,0,0,0,0,0,0,0,0,1,2,0,0,0,5,0,10,0,17,0,0,0,0,0,0,1,1,0,0,0,0,0,0,0,510,25,97,1584,0,0,14,40,0,0,0,0,0,0,0,0,0,0,0,0,0,0,0,0,10,1,5,0,0,0,0,0,0,15,19,1,40,134,0,0,0,0,0,0,0
2,0,0,0,1,0,2,11,3,11,44,1,11,0,0,0,0,0,0,0,0,0,0,0,0,0,0,0,0,0,0,1,0,0,0,0,3,0,0,8,0,0,0,0,2,661,79,8,33,1,1,7,0,2,0,0,0,0,1,0,0,0,0,0,15,23,2,110,20,1572,2144,684,3472,0,0,0,0,0,0,0,0,0,0,0,0,0,0,0,0,0,0,0,3,15,0,9,0,0,0,0,0,0,0,0,0,0,0,0,0,0,0,8,0,0
0,0,0,0,0,0,0,1,0,1,5,0,0,0,0,0,0,0,0,0,0,0,0,0,0,0,0,0,0,0,0,0,20,0,0,0,0,0,0,0,0,0,0,0,1,0,12,3,2,0,0,46,0,0,0,0,0,0,0,0,0,1,0,0,7,5,0,0,0,746,578,250,2806,1,1,0,0,0,0,0,0,0,0,0,0,0,0,0,0,0,0,0,0,0,0,0,0,0,0,0,0,0,0,0,0,0,0,0,0,0,1,36,0,0
0,0,0,0,0,0,0,10,2,3,11,1,4,0,0,0,0,0,0,0,0,0,0,0,0,0,0,0,0,0,0,0,0,0,0,0,0,0,2,5,0,26,0,92,136,70,85,79,9,0,0,6,1,4,0,0,0,0,0,0,0,0,0,1,3,8,0,10,16,623,249,318,1047,0,0,0,0,0,0,0,0,0,0,0,0,0,0,0,0,0,0,0,0,0,2,11,0,0,0,2,7,3,1,0,0,0,0,1,2,0,0,2,96,0
0,0,0,0,0,0,1,206,132,13,191,9,133,0,0,0,0,0,0,0,1,0,0,0,0,0,0,4,0,0,0,0,36,0,3,1,65,1,0,6,0,12,1,2,0,22,71,0,1543,1,170,2604,540,1415,305,356,125,274,189,140,49,743,248,37,6,24,15,44,31,1162,447,618,5834,66,50,0,2,1,4,0,0,1,0,0,0,0,0,0,0,0,0,0,2,31,6,3,0,2,1,17,41,7,2,8,0,1,7,1,1,1,16,329,9,0
0,0,0,0,0,0,0,2,2,4,32,1,0,0,0,15,0,0,0,0,7,0,0,0,0,0,0,3,0,0,0,2,32,0,40,1,0,1,0,3,1,66,1,3,0,3,1,1,36,649,21,1021,273,1085,41,143,17,151,151,233,71,174,68,70,0,0,0,1,0,70,40,37,92,303,8,4,11,0,2,0,0,0,0,0,0,0,0,0,0,0,0,0,0,0,0,10,0,2,1,4,13,1,4,11,0,9,42,0,1,3,9,60,0,0
0,0,0,0,0,0,0,53,15,6,53,1,34,0,0,0,0,0,0,0,0,0,0,0,0,0,0,0,0,0,0,0,1,0,0,0,0,0,0,0,0,1,0,0,0,0,20,0,28,0,0,142,6,22,10,17,162,0,5,14,2,90,8,2,4,10,3,3,0,7,9,17,45,15,14,0,1,0,12,1,0,3,0,0,0,0,0,0,0,0,0,0,0,0,2,2,0,1,0,0,0,1,0,0,0,0,0,0,0,0,0,23,1,0
10,3,5,19,0,23,28,608,161,353,1010,79,159,0,0,0,0,0,4,0,0,0,28,19,0,0,0,2,0,0,0,0,5,65,0,0,0,2,0,7,0,81,0,100,0,143,507,157,51,0,0,494,9,57,4,19,264,0,32,116,9,376,43,30,17,36,3,71,0,4366,1407,1201,4036,67,159,0,1,0,477,1,0,87,0,0,6,0,0,0,0,0,0,0,1,0,2,1,0,2,1,6,63,0,194,235,32,38,12,16,13,1,2,126,5,0
8,0,0,5,0,3,12,37,27,12,127,1,2,2,0,32,9,0,8,0,2,15,252,63,27,0,0,1,0,0,0,0,6,0,2,0,16,33,0,31,0,99,0,0,0,1,0,0,20,0,0,61,63,47,127,9,6,0,8,9,12,205,6,6,1,1,7,9,0,629,190,144,386,53,156,25,76,91,6,18,0,98,7,0,7,0,0,0,1,0,0,0,7,49,12,12,0,15,9,12,32,8,11,13,2,133,30,14,8,19,2,28,12,7
35,5,23,28,1,35,36,335,129,40,288,12,5,2,0,2,0,0,1,1,3,3,4,1,3,0,0,3,0,0,0,16,208,14,14,5,4,43,0,92,5,109,1,6,11,4,14,15,60,1,1,540,260,371,153,101,31,50,58,55,23,194,99,8,29,63,6,463,52,1211,258,503,1980,216,285,7,21,26,3,2,3,4,1,0,30,0,0,0,1,3,0,0,7,57,12,42,0,7,9,86,458,48,44,54,3,70,86,29,52,62,72,157,72,10
5,0,4,3,0,6,3,16,4,5,29,1,10,0,0,0,1,0,0,1,0,0,0,0,0,0,0,1,0,0,0,0,1,0,0,0,0,0,0,0,0,0,0,10,0,2,1,0,4,0,0,7,0,1,1864,1,0,0,7,6,5,24,1,4,1,1,0,1,0,47,50,75,173,49,111,3,3,678,10,3,0,37,27,0,2,0,0,0,0,4,0,0,2,0,4,6,0,9,4,5,744,10,30,62,5,2,16,4,4,4,3984,81,5,0
0,0,0,63,0,118,19,0,0,0,0,0,0,0,0,0,0,0,0,0,0,0,0,0,0,0,0,0,0,0,0,0,0,0,0,0,0,0,0,0,0,0,0,0,0,0,0,0,0,0,0,0,0,0,0,12,0,0,0,0,0,0,0,0,0,0,0,0,0,0,0,0,0,23,13,0,0,0,0,287,0,0,145,0,0,0,0,0,0,0,0,0,0,0,0,0,0,0,0,2,818,2,0,0,0,0,0,0,2,0,0,0,0,0
0,0,0,0,0,0,0,231,6,158,7,0,0,0,0,0,0,0,0,0,0,0,0,0,0,0,0,0,0,0,0,0,0,0,0,0,0,0,0,0,0,0,0,0,0,0,0,0,0,4,0,0,0,6,0,0,1108,0,6,0,0,0,0,0,0,0,0,0,0,0,0,101,0,0,0,0,0,8,1161,11,0,0,27,0,0,0,0,0,0,0,0,0,0,0,0,0,0,0,0,0,0,0,0,0,0,0,0,0,0,0,0,0,0,0
9,1,2,0,0,0,1,0,0,0,0,0,0,0,0,0,0,0,0,0,0,0,0,0,0,0,0,0,0,0,0,0,0,0,0,0,0,0,0,0,0,0,0,0,0,0,0,0,0,0,0,0,0,0,0,0,0,44,0,0,0,0,0,0,0,0,0,0,0,0,0,0,0,0,0,0,0,0,0,24,1541,200,48,0,0,0,0,0,0,0,0,0,0,0,0,0,0,0,0,70,235,0,0,30,12,0,0,0,0,0,0,0,0,0
7,2,7,7,0,10,27,89,53,34,178,19,45,0,2,0,0,0,0,0,2,1,6,2,3,0,0,2,0,0,2,1,3,5,5,5,8,5,0,4,0,9,4,3,0,1,0,0,12,1,2,15,2,13,8,65,58,56,2357,203,32,510,17,23,12,17,10,99,143,368,285,397,1320,429,49,42,40,261,10,10,29,660,83,55,204,249,655,1201,6,90,105,360,95,27,46,447,486,145,32,180,438,139,1235,970,52,6005,506,111,88,87,313,1350,69,5
14,3,20,26,1,29,11,116,35,5,98,3,9,3,0,17,0,0,3,2,8,3,19,6,10,0,0,1,0,0,0,0,1,25,25,2,3,0,0,3,0,63,11,3,1,9,3,0,21,0,1,65,12,38,8,136,111,65,336,636,110,870,6,13,389,821,24,26,48,791,1093,847,3737,80,77,4,12,168,6,2,0,139,7,0,15,7,0,464,1,43,0,0,11,21,11,476,44,27,22,34,53,16,36,49,6,59,53,18,56,51,181,428,30,5
0,0,0,0,0,0,0,0,37,2,0,0,0,0,0,0,0,0,0,0,0,0,0,0,0,0,0,0,0,0,0,0,0,0,0,0,0,0,0,0,0,0,0,0,0,0,0,0,0,0,0,0,0,0,1,4,0,0,0,0,134,1,0,0,0,0,0,0,0,492,189,144,460,0,75,0,0,0,32,0,0,0,0,0,0,0,0,0,0,0,0,0,0,0,0,0,0,0,0,0,0,0,0,0,0,0,0,0,0,0,2,76,0,0
251,23,192,203,7,130,193,1187,386,540,2727,168,110,54,1,47,19,3,4,51,72,55,74,24,46,0,0,7,0,1,1,4,31,23,35,58,34,38,0,71,11,64,1,40,6,67,22,6,72,1,2,133,18,273,87,244,185,146,89,73,15,1069,6,20,104,114,5,135,41,42,217,95,476,337,64,17,83,43,58,6,0,66,4,0,13,0,0,114,1,18,0,0,34,0,7,504,0,71,74,98,333,54,140,182,28,223,98,16,11,15,997,1742,21,3
0,0,0,0,0,0,0,0,3,0,0,0,0,0,0,0,0,0,0,0,0,0,0,0,0,0,0,0,0,0,0,0,0,0,0,0,0,0,0,0,0,0,0,0,0,0,0,0,0,0,0,0,0,0,290,3,0,0,0,0,0,0,4,0,0,0,0,0,0,289,377,0,0,0,0,0,0,0,0,0,0,0,0,0,0,0,0,0,0,0,0,0,0,0,0,0,11,0,0,0,0,0,0,0,0,0,0,0,0,0,0,0,0,0
1,0,3,1,0,1,1,0,1,0,0,0,0,0,0,1,0,0,0,1,1,1,4,0,1,0,0,3,0,0,0,0,6,0,4,2,0,0,0,0,0,0,0,0,0,0,0,0,8,24,0,0,0,0,3,14,8,0,3,2,2,3,44,286,0,1,0,0,32,33,18,13,69,27,109,73,66,7,4,0,0,20,0,1,28,7,0,1,0,7,5,8,6,35,4,20,0,48,29,8,51,16,306,265,76,196,742,31,1406,290,123,56,83,5
155,28,120,1,1,1,25,145,657,500,809,72,106,102,1,48,10,6,16,9,163,17,14,32,31,5,1,12,4,15,5,18,49,82,53,10,93,84,2,140,82,85,33,49,8,60,18,3,209,838,16,66,14,32,74,11,12,24,6,20,6,59,28,28,158,200,4,302,5,15,31,157,59,289,766,147,414,52,148,1,11,34,225,40,33,6,28,171,1,99,28,68,408,0,362,353,23,42,12,1584,18,46,101,56,20,261,75,8,22,24,30,19,34,10
184,33,142,1,1,1,30,173,686,585,824,81,112,116,2,58,12,7,19,10,193,20,17,37,36,5,2,14,5,18,6,20,58,88,62,11,111,99,2,136,96,100,38,58,9,70,21,3,246,989,19,78,16,38,87,13,14,28,7,23,7,69,33,32,3333,23811,4,354,5,18,37,176,70,338,895,174,486,62,174,0,14,39,265,47,39,8,33,201,1,113,31,81,474,7,426,416,27,49,14,1876,22,54,118,66,23,309,89,9,25,28,35,22,40,11
8,0,0,1,0,0,0,11,153,51,8,9,0,16,0,17,9,12,11,10,9,19,7,7,10,0,0,4,0,0,0,4,19,27,31,9,44,0,0,340,0,38,6,53,9,10,24,7,45,216,3,14,8,9,4,2,3,3,4,2,2,5,3,0,395,0,2126,0,0,0,0,0,7,12,4,3,112,12,0,0,0,0,6,11,2,0,0,4,0,1,0,0,8,3,10,34,0,9,0,10,2,4,14,9,4,22,25,0,0,1,6,2,7,3
520,167,615,2,0,3,28,48,4,22,87,6,16,57,0,28,13,2,23,4,27,39,30,38,5,0,0,8,1,0,0,1,18,46,52,8,79,110,2,37,7,51,2,9,1,43,9,1,66,1,2,17,2,10,92,10,10,0,8,5,2,48,3,2,49,63,2,945,158,738,67,104,684,85,53,52,347,93,4,5,2,3,55,22,7,5,6,179,1,31,48,66,237,0,832,1247,1,274,168,280,75,222,95,110,10,408,267,14,242,15,92,45,55,4
273,91,120,0,1,11,21,44,124,33,64,3,6,36,1,25,24,8,33,22,64,20,44,14,40,0,1,10,1,2,3,3,23,10,2,14,20,24,0,43,5,65,7,64,5,45,10,5,64,27,7,129,15,38,17,7,53,44,20,28,9,67,17,19,91,217,6,64,1740,345,120,443,1212,698,167,30,182,331,13,37,12,25,383,0,12,0,0,1438,0,4,0,197,68,685,457,1271,1296,669,427,43,102,312,50,107,177,1572,392,131,28,11,35,27,56,5
0,0,0,0,0,0,0,0,0,0,0,0,0,0,0,0,0,0,0,0,0,0,0,0,0,0,0,0,0,0,0,0,0,0,0,0,0,0,0,0,0,0,0,0,0,0,0,0,0,0,0,0,0,0,0,0,0,0,0,0,0,0,0,0,0,0,0,0,0,0,0,0,0,0,0,0,0,0,0,0,0,0,0,0,0,0,0,0,0,0,0,0,0,0,0,0,0,0,0,0,0,0,0,0,0,0,0,0,0,0,0,0,0,0
0,0,0,0,0,0,0,0,0,0,0,0,0,0,0,0,0,0,0,0,0,0,0,0,0,0,0,0,0,0,0,0,0,0,0,0,0,0,0,0,0,0,0,0,0,0,0,0,0,0,0,0,0,0,0,0,0,0,0,0,0,0,0,0,0,0,0,0,0,0,0,0,0,0,0,0,0,0,0,0,0,0,0,0,0,0,0,0,0,0,0,0,0,0,0,0,0,0,0,0,0,0,0,0,0,0,0,0,0,0,0,0,0,0
282,7,88,0,0,0,10,321,100,325,1286,109,0,0,0,0,0,0,0,0,0,0,0,0,0,0,0,0,0,0,0,0,1,0,0,0,11,0,0,0,0,0,0,0,0,0,0,0,0,0,0,0,0,0,0,0,0,0,0,0,0,0,0,0,12,71,3,9,0,0,6,14,0,72,2,0,0,1813,395,13,0,0,40,0,0,0,0,0,0,0,0,0,0,0,96,0,0,0,0,533,1242,14,1,0,0,25,14,0,0,0,0,0,8,1
1322,354,646,20,1,9,344,898,1811,3327,2842,301,124,0,0,0,0,0,0,0,1,1,1,0,0,0,0,0,0,0,0,306,374,1,5,1,3,0,0,0,0,0,0,0,0,1,0,0,0,80,0,0,0,0,0,0,0,0,40,7,2,28,120,105,378,2093,257,1356,48,31663,24096,15334,70642,2786,935,722,383,165,1589,19,29,35,1807,0,4,119,52,332,1,0,0,0,124,15824,2999,459,256,71,33,5336,6162,96,93,119,3,274,222,2,2,9,29,18,45,3
1723,169,690,191,74,116,730,1072,330,566,1670,144,197,548,74,609,625,183,396,575,499,972,260,130,178,20,26,267,1,60,56,109,447,109,219,249,321,335,40,367,100,358,41,97,44,161,107,44,401,56,34,687,126,521,806,262,156,360,706,260,64,1297,394,69,176,284,31,338,251,3758,1574,1425,7374,3057,2600,398,2918,1506,211,36,124,515,134,184,129,226,93,504,5,298,97,185,209,118,193,770,201,283,169,663,833,325,1082,1022,97,5316,2171,137,689,297,2112,1668,486,67
80,5,111,11,1,11,24,86,25,24,136,7,16,17,0,3,15,1,6,15,11,23,37,7,25,1,3,74,1,113,40,8,37,1,23,18,32,28,0,52,20,11,0,7,1,8,8,1,13,3,0,53,13,37,16,11,6,6,16,5,3,18,9,22,8,16,3,36,73,189,61,93,687,1100,1945,25,72,86,19,7,1,79,21,9,24,12,7,36,1,214,29,7,36,24,26,54,0,28,22,88,197,107,71,84,14,491,873,18,41,31,38,26,124,22
39,1,17,0,0,0,1,450,111,144,3,36,55,4,0,1,0,0,2,1,7,2,6,1,2,0,0,1,0,0,0,0,3,0,14,4,161,13,0,19,2,11,0,0,0,1,0,0,4,0,0,7,1,3,9,3,2,0,4,2,0,6,1,1,5,12,3,16,20,16,3,59,1483,184,104,2,1,61,0,3,18,11,51,9,3,12,4,29,1,33,12,56,8,0,8,91,51,40,2,112,34,24,41,60,5,1,83,5,8,8,3,2,25,2
130,8,135,11,2,15,19,200,95,45,275,13,73,10,1,2,5,4,51,43,68,61,485,243,171,0,0,11,0,0,0,14,21,6,74,51,135,145,1,125,17,59,0,14,8,81,15,4,38,1,1,159,23,49,108,27,33,0,59,12,3,61,13,6,55,106,3,73,83,60,20,92,1539,492,594,8,49,227,20,6,2,191,313,12,102,38,1,464,2,535,140,120,24,0,2,2774,128,1101,94,834,85,281,271,332,41,175,108,64,148,122,38,31,94,17
1439,329,358,28,57,14,87,511,99,278,738,254,138,1052,47,1079,254,71,444,264,175,605,135,301,157,47,42,91,4,2,15,689,703,107,177,93,207,257,16,375,37,404,14,149,23,904,99,124,579,631,17,437,71,195,269,57,38,57,138,86,37,295,164,59,151,69,56,97,132,1434,822,730,3903,3035,2544,129,835,3969,535,155,284,1536,1299,188,57,31,15,98,2,40,25,394,232,27,86,403,108,96,97,279,167,116,291,297,32,798,510,41,125,66,180,280,71,15
59,9,40,1,1,0,1,1232,25,473,353,9,1,13,2,10,6,1,41,4,2,4,1,7,8,1,0,5,0,0,0,4,3,2,2,1,6,2,2,48,7,6,0,3,1,2,2,1,172,422,2,27,6,11,3,3,2,3,2,1,1,6,2,0,93,0,0,1,187,14,5,7,59,911,5,1,13,569,517,56,2,33,450,1,0,0,0,1,0,0,0,0,1,0,0,2,0,0,0,34,1,1,1,1,0,5,6,1,1,0,1,4,1,0
9,0,0,1,0,1,0,12,164,45,16,6,58,11,0,12,6,7,7,6,7,16,4,4,6,0,0,3,0,0,0,3,15,23,27,7,54,0,0,273,0,42,4,34,6,6,16,4,34,189,2,14,6,7,3,1,2,2,3,1,1,3,1,0,249,6,140,0,0,48,17,28,79,1085,24,32,76,160,3,1092,3,14,7,9,1,0,0,3,0,16,14,0,17,2,46,158,0,157,18,166,9,28,58,61,5,43,57,0,0,4,15,21,11,7
34,3,25,2,0,1,8,42,20,20,66,7,12,1,8,4,9,3,15,6,12,15,7,2,4,0,0,4,0,2,1,0,6,1,17,9,13,11,1,23,4,28,1,1,0,14,1,0,10,0,0,31,3,11,17,10,1,1,22,12,3,50,5,2,19,43,3,44,15,41,24,30,58,397,194,7,6,206,29,17,117,222,1239,22,18,26,18,52,1,73,44,127,10,0,51,714,407,252,50,433,135,76,148,148,23,92,56,15,53,41,19,43,48,3
27,5,27,1,0,1,12,64,64,22,152,7,13,1,0,6,3,1,8,6,5,4,9,2,3,0,0,2,0,0,0,0,1,2,10,11,2,8,0,14,2,4,0,1,1,18,5,2,8,0,0,11,2,5,2,4,2,0,5,11,2,20,5,3,15,36,3,42,27,179,61,70,204,484,681,33,2,564,1,6,10,1084,246,64,28,17,6,100,1,188,252,1090,125,0,93,1151,2,408,96,533,24,169,378,297,49,641,473,42,97,94,81,34,163,7
1416,27,237,25,0,33,86,1116,344,147,637,66,21,46,2,50,9,13,222,49,93,147,324,163,149,0,1,6,0,1,4,5,13,23,516,87,235,746,42,137,135,238,1,12,3,201,12,2,119,12,13,848,300,234,298,77,13,1,18,20,2,55,29,10,17,40,0,39,53,426,673,1112,1118,7792,1056,18,7,1315,385,269,2046,407,6357,14,13,1,1,1234,2,266,25,2,91,0,253,1800,4,783,165,1121,526,287,370,461,183,356,179,28,40,40,279,101,125,4
10,1,6,0,0,0,3,5,3,2,8,1,17,1,0,6,1,0,2,1,4,7,4,1,2,0,0,4,0,0,0,1,6,7,18,8,4,27,0,16,1,30,7,3,1,13,1,0,9,0,0,48,3,7,17,7,2,0,5,4,1,9,3,1,1,2,3,6,59,21,20,26,116,402,633,10,40,100,22,5,4,120,37,422,61,7,389,149,8,139,124,15,114,0,69,646,1867,240,72,427,17,84,618,691,127,53,129,85,65,52,34,7,119,7
0,0,0,0,0,0,0,0,3,0,0,0,0,0,0,0,0,0,0,0,2,0,0,0,0,0,0,0,0,0,0,0,0,0,0,0,0,0,0,0,0,0,0,0,0,0,0,0,0,0,0,0,0,0,2,0,0,0,0,0,0,0,0,0,0,0,0,0,0,0,0,0,24,3,15,0,2,1,0,12,0,0,0,0,2044,2302,0,262,8,0,0,0,62,0,36,217,0,153,0,14,6,33,41,41,3,0,2,109,0,60,2,0,11,1
1,1,1,8,0,4,6,4,4,6,30,2,4,12,1,5,4,3,9,7,6,5,8,5,5,0,0,0,0,0,0,2,7,1,1,1,0,19,0,7,4,5,6,3,1,1,1,1,2,0,1,2,1,2,3,9,27,34,2,3,2,3,1,0,2,1,3,10,14,13,4,13,245,169,670,205,622,29,0,2,91,14,56,0,89,2,155,707,4,178,28,11,102,0,217,426,0,151,206,47,44,81,39,39,3,161,249,73,66,111,13,20,36,2
23,2,13,0,0,0,2,178,115,20,123,6,12,51,0,62,9,0,8,6,12,23,73,6,37,0,0,31,2,0,0,4,55,138,194,65,34,142,0,100,4,214,7,19,2,70,9,2,458,1,11,84,5,48,918,23,32,0,42,32,13,129,3,1,144,338,7,36,204,442,138,184,472,1901,3306,142,94,448,22,34,7,228,767,385,24,2,2400,448,159,1763,614,1932,173,0,295,2283,1570,449,193,1507,30,271,457,714,362,203,393,323,147,143,64,59,412,28
22,6,42,2,0,2,15,35,24,6,49,3,22,12,0,74,1,0,9,5,5,5,14,2,5,0,0,6,0,0,0,3,38,2,23,37,118,29,0,40,5,77,0,5,3,58,15,4,19,0,0,108,7,37,52,43,21,0,33,28,6,130,20,10,31,75,26,94,56,351,282,294,623,1334,1628,38,141,236,3,16,30,228,542,37,26,157,2817,9553,3,380,46,286,227,0,235,779,271,446,228,1149,71,231,636,391,83,689,376,68,82,80,254,194,427,20
0,0,0,0,0,0,0,0,0,0,0,0,0,0,0,0,0,0,0,0,0,0,0,0,0,0,0,0,0,0,0,0,0,0,0,0,0,0,0,0,0,0,0,0,0,0,0,0,0,0,0,0,0,0,0,0,0,0,0,0,0,0,0,0,0,0,0,0,0,0,0,0,0,0,0,0,0,0,0,0,0,0,0,0,0,0,0,0,0,0,0,0,0,0,0,5,0,1,0,6,0,1,3,5,2,0,0,0,0,2,0,0,0,0
1974,171,920,48,2,62,178,1119,5282,1779,640,83,278,162,3,47,22,2,77,41,40,74,70,281,189,0,1,21,2,10,1,9,51,16,29,58,9,66,0,108,11,57,2,41,7,40,5,8,87,148,0,87,10,41,46,11,49,30,36,59,5,95,12,9,1742,2024,230,2160,85,1153,497,649,1570,1814,1200,367,568,386,351,725,88,65,3324,37,59,138,176,1787,1,7567,11174,1916,840,22176,7607,4642,208,852,187,1211,157,280,995,463,166,1993,253,48,158,155,134,62,336,34
154,14,71,5,0,8,20,58,51,36,37,9,19,4,1,2,3,4,14,7,17,26,5,3,4,3,0,4,1,0,0,3,11,2,3,5,2,8,1,10,4,10,2,2,1,10,2,1,17,1,1,24,4,8,5,1,4,6,10,7,4,20,8,9,6,44,1,24,19,84,41,58,267,212,199,33,120,199,19,18,27,49,54,4,6,2,4,7,0,1217,137,123,45,2002,178,524,26,62,23,1,0,9,38,8,38,175,59,9,19,21,35,13,65,3
1291,109,1114,21,0,53,183,523,969,594,808,201,189,104,2,81,16,14,43,25,72,61,124,90,72,0,2,20,0,1,3,16,86,22,49,53,99,77,1,138,14,111,11,24,7,118,11,3,233,4,5,167,13,18,143,33,17,0,34,27,11,127,35,24,1426,2079,117,1275,2864,1197,503,374,3267,1780,1840,572,903,882,176,333,32,112,1765,0,53,0,67,300,1,1018,7582,1232,649,0,4648,2867,290,920,451,7130,0,90,1081,807,176,2286,349,41,132,100,310,103,24,1
432,79,233,207,6,94,339,824,1472,268,1542,116,72,23,0,46,9,18,52,28,61,35,113,5,13,1,1,10,0,4,5,6,34,34,103,66,261,37,0,65,14,167,5,30,16,125,71,7,173,21,7,187,29,87,178,173,50,0,136,24,9,91,38,63,138,381,103,107,29,1073,394,1657,3945,1172,984,108,346,477,154,31,40,351,867,13,81,56,1293,340,4,392,255,311,507,0,922,2636,1625,949,719,959,155,458,259,332,48,1163,673,71,395,183,627,1800,463,25
0,0,0,0,0,0,0,0,0,0,0,0,0,0,0,0,0,0,0,0,0,0,0,0,0,0,0,0,0,0,0,0,0,0,0,0,0,0,0,0,0,0,0,0,0,0,0,0,0,0,0,0,0,0,0,0,0,0,0,0,0,0,0,0,0,0,0,0,0,0,0,0,0,0,0,0,0,0,0,0,0,0,0,0,0,0,0,0,0,0,0,0,0,0,0,0,0,0,0,0,0,0,0,0,0,0,0,0,0,0,0,0,0,0
317,39,235,0,0,1,82,373,276,153,1932,60,32,154,1,73,23,20,43,55,42,79,31,17,36,0,1,7,0,2,1,33,69,70,82,64,580,45,0,64,11,93,6,58,13,130,26,3,60,4,33,325,63,145,100,154,37,128,43,40,9,120,3,7,21,43,2,11,426,968,215,830,4735,11877,12216,224,6958,1304,763,73,283,1483,1903,136,234,225,346,3375,9,372,1917,1621,5371,959,6075,7265,2745,2993,2379,2038,101,847,1427,1352,589,1411,1273,273,713,262,185,88,303,39
2046,227,1852,129,3,63,685,2021,400,1371,3542,181,5163,161,20,336,88,21,355,125,397,333,440,138,220,1,3,56,1,12,4,43,347,83,708,581,518,1248,3,321,62,702,43,108,57,564,240,31,309,4,15,849,138,492,446,1163,218,711,324,791,63,1576,140,50,347,803,219,1066,4116,4471,2762,8836,7971,8585,11426,255,1008,4129,99,559,870,621,4020,882,467,608,567,5001,14,893,1339,10557,1512,433,9511,42385,7662,6302,1533,8629,1368,873,1679,1532,217,4848,2203,506,1990,1279,1399,1341,878,46
0,0,0,0,0,0,9,30,6,6,46,2,14,11,0,12,6,2,15,14,15,24,25,2,5,0,1,9,0,0,0,5,22,4,22,15,21,38,0,39,22,25,9,23,9,34,11,2,17,0,3,22,9,14,5,8,9,8,75,26,6,62,10,3,10,26,11,1,26,87,26,35,212,1335,714,51,74,107,42,20,33,183,164,255,17,0,161,3753,6,9240,8535,2489,157,0,203,3267,6619,1574,141,5097,1246,2368,1320,1131,198,468,519,148,59,60,4,25,370,56
1085,44,121,52,1,20,177,426,308,68,460,88,217,507,3,46,145,2,27,72,50,130,173,7,156,0,1,17,2,62,10,39,235,8,114,111,78,218,0,133,25,301,39,27,7,325,63,9,172,40,1,297,17,57,326,34,105,38,75,76,25,284,61,40,189,350,12,354,301,713,225,1135,2277,2145,2254,495,2594,886,245,156,810,462,3351,294,199,106,168,502,258,3210,5023,2710,1390,92,1316,11043,4138,3583,1015,2033,14,2300,1718,1536,253,5264,2204,491,1174,396,205,454,999,18
28,17,66,38,0,16,85,7,30,6,62,1,4,84,16,71,103,30,45,93,60,47,33,80,165,2,0,20,0,0,2,21,35,12,82,33,12,94,0,17,3,31,20,66,37,86,35,18,9,0,6,19,5,13,6,22,8,3,6,8,2,20,8,6,2,7,5,10,104,352,187,282,1305,1661,623,590,510,272,162,72,63,475,2729,9,15,1,0,164,1,16,8,62,305,575,3499,1299,4,52,877,729,80,723,730,576,86,1322,1381,45,366,158,20,26,527,87
36,2,45,6,0,10,24,332,180,143,665,46,16,42,0,4,0,0,15,5,30,43,52,4,9,0,0,1,0,0,0,3,16,9,90,31,69,10,0,217,19,78,0,2,1,33,3,0,44,0,1,48,12,18,129,38,7,0,6,6,1,23,2,0,17,33,0,138,0,788,417,436,468,258,468,1,0,1499,37,4,0,231,937,3,9,893,1,183,1,65,20,346,104,0,89,1605,658,323,213,4236,166,282,782,593,90,376,417,34,18,17,219,95,138,3
0,0,0,0,0,0,0,0,0,0,0,0,0,0,0,0,0,0,0,0,0,0,0,0,0,0,0,0,0,0,0,0,0,0,0,0,0,0,0,0,0,0,0,0,0,0,0,0,0,0,0,0,0,0,0,0,0,0,0,0,0,0,0,0,0,0,0,0,0,0,0,0,0,0,0,0,0,0,0,0,0,0,0,0,0,0,0,0,0,0,0,0,0,0,0,0,0,0,0,0,0,0,0,0,0,0,0,0,0,0,0,0,0,0
1,0,0,1,0,1,5,154,28,62,250,17,39,6,0,3,0,0,1,16,3,2,19,0,13,0,0,1,0,0,0,4,25,16,49,1,62,118,0,38,6,111,8,9,0,56,22,0,3,0,0,101,10,30,123,16,0,0,23,11,5,57,10,3,31,46,2,31,21,122,96,116,475,253,277,11,54,107,3,6,3,72,335,0,49,1,0,0,1,77,15,27,195,8,296,1061,414,181,114,485,13,85,215,165,29,246,250,68,82,83,63,160,129,3
0,0,0,0,0,0,0,0,0,0,0,0,0,0,0,0,0,0,0,0,0,0,0,0,0,0,0,0,0,0,0,0,0,0,0,0,0,0,0,0,0,0,0,0,0,0,0,0,0,0,0,0,0,0,0,0,0,0,0,0,0,0,0,0,0,0,0,0,0,0,0,0,0,0,0,0,0,0,0,0,0,0,0,0,0,0,0,0,0,0,0,0,0,0,0,0,0,0,0,0,0,0,0,0,0,0,0,0,0,0,0,0,0,0
2,0,3,0,0,1,2,32,19,10,41,2,7,8,0,9,1,1,3,3,6,3,5,1,1,0,0,1,0,0,0,0,4,1,4,6,22,16,0,5,1,10,0,2,0,16,2,0,10,0,0,14,1,3,14,5,3,0,7,3,1,15,1,0,1,48,3,7,56,25,6,8,45,31,28,3,7,21,7,2,2,10,67,13,2,4,0,10,1,254,50,365,26,0,35,358,70,107,68,106,23,70,401,340,41,78,133,24,4,4,46,19,73,11
1,0,0,0,0,0,1,8,3,1,18,0,1,0,0,0,0,0,0,0,0,0,1,0,0,0,0,1,0,0,0,0,1,0,1,1,1,8,0,1,0,1,0,0,0,2,1,0,1,0,0,2,1,0,1,0,0,0,0,0,0,0,1,0,1,2,0,3,10,3,3,5,24,15,12,1,1,18,1,1,0,1,3,4,1,0,0,0,0,0,0,0,3,0,15,38,0,9,5,52,0,1,102,130,248,10,53,75,193,1,2,1,4,0
0,0,0,3,0,3,2,0,0,0,0,0,3,1,0,1,0,0,1,1,1,1,17,9,10,3,1,7,0,0,1,4,12,4,4,8,3,115,5,154,87,6,7,1,0,1,0,0,5,0,1,1,1,1,0,0,1,1,1,2,1,2,1,1,2,1,0,1,0,0,2,6,6,16,20,7,6,0,0,3,0,49,17,21,0,0,0,0,0,26,1775,92,6,0,10,32,0,21,43,190,209,18,122,139,24,1547,361,0,15,4,8,13,16,1
0,0,0,0,0,0,0,0,0,0,0,0,0,0,0,0,0,0,0,0,0,0,0,0,0,0,0,0,0,0,0,0,0,0,0,0,0,0,0,0,0,0,0,0,0,0,0,0,0,0,0,0,0,0,0,0,0,0,0,0,0,0,0,0,0,0,0,0,0,0,0,0,0,0,0,0,0,0,0,0,0,0,0,0,0,0,0,0,0,0,0,0,0,0,0,4,0,0,0,0,0,0,0,0,0,1189,59,0,0,0,0,0,0,0
6,0,0,0,0,0,3,2,2,3,11,1,12,0,0,0,0,0,0,0,0,0,0,0,0,0,0,0,0,0,0,0,1,0,0,0,0,0,0,0,0,0,0,0,0,0,0,0,0,0,0,0,0,0,0,1,0,0,0,0,0,0,1,0,5,21,0,2,0,9,0,0,3,4,17,13,18,1,25,1,0,0,0,126,164,0,9,0,1,18,0,5,27,0,7,345,0,133,43,39,36,26,377,339,53,59,213,521,229,79,0,0,25,22
0,1,0,0,0,0,1,52,48,20,74,6,0,0,0,0,0,0,0,0,0,0,0,0,0,0,0,0,0,0,0,0,0,0,0,0,0,0,0,0,0,0,0,0,0,0,0,0,0,0,0,0,0,0,3,0,0,0,0,0,0,0,0,0,11,9,0,0,0,108,58,63,156,302,310,12,7,6,0,5,7,0,0,0,151,0,0,0,1,57,44,97,28,0,70,388,0,127,3,159,151,65,395,326,55,304,336,49,1833,381,0,1,90,10
0,0,0,0,0,0,0,0,0,0,0,0,0,0,0,0,0,0,0,0,0,0,0,0,0,0,0,0,0,0,0,0,0,0,0,0,0,0,0,0,0,0,0,0,0,0,0,0,0,0,0,0,0,0,0,0,0,0,0,0,0,0,0,0,0,0,0,0,0,0,0,0,0,0,0,0,0,0,0,0,0,0,0,0,0,0,0,0,0,0,0,0,0,0,0,0,0,0,0,0,0,0,0,0,0,0,0,0,0,217,0,0,0,0
134,6,88,22,4,29,81,214,138,85,477,38,65,9,0,6,10,4,30,20,31,29,46,3,2,0,0,0,0,0,0,5,20,6,8,31,68,53,0,37,8,14,0,7,3,19,3,2,13,0,3,31,6,10,65,0,0,0,2,4,0,21,23,13,32,76,2,119,508,221,41,201,1833,697,364,8,20,5521,41,70,10,677,260,4,25,4,0,284,1,134,85,109,112,0,121,233,582,193,295,269,105,146,84,106,8,162,75,44,35,26,135,228,41,2
592,37,241,82,7,36,344,1208,718,287,4157,115,428,56,7,48,9,19,26,58,15,57,14,3,23,0,0,72,0,1,8,51,261,39,140,84,657,123,0,37,9,252,3,23,14,395,21,2,55,0,3,144,29,72,29,54,4,74,28,16,1,94,42,17,136,316,48,301,138,856,112,422,1092,1715,2169,34,146,587,204,137,97,732,1160,44,24,35,472,1749,1,820,191,812,225,215,388,2743,630,732,884,429,228,274,517,412,61,286,582,33,48,59,9,172,293,24
7,1,7,4,2,1,2,10,10,2,25,0,2,1,0,1,0,0,1,1,1,1,3,1,1,0,0,1,0,0,0,10,10,1,1,1,3,2,0,1,0,0,1,1,0,1,0,0,2,0,0,1,0,1,2,0,0,0,0,1,0,1,1,1,4,3,0,5,44,9,13,33,31,55,183,27,15,173,3,9,1,8,40,14,95,6,0,0,1,2,0,0,12,20,15,210,1,22,12,38,127,11,40,57,1,1148,273,53,15,30,2,10,150,3
0,0,0,0,0,0,0,8,6,12,40,1,0,3,0,0,0,0,1,3,0,0,0,0,3,0,0,0,0,0,0,0,1,1,5,1,3,6,0,4,1,8,0,0,0,2,0,0,3,0,0,4,0,2,10,2,1,0,1,0,0,2,2,0,1,2,0,1,27,107,72,61,87,7,17,1,3,5,1,5,1,1,4,3,0,0,0,0,0,8,2,0,4,0,3,83,0,14,5,3,169,10,31,31,2,70,68,0,17,1,1,0,18,1
,,,,,,,,,,,,,,,,,,,,,,,,,,,,,,,,,,,,,,,,,,,,,,,,,,,,,,,,,,,,,,,,,,,,,,,,,,,,,,,,,,,,,,,,,,,,,,,,,,,,,,,,,,,,,,,,,
,,,,,,,,,,,,,,,,,,,,,,,,,,,,,,,,,,,,,,,,,,,,,,,,,,,,,,,,,,,,,,,,,,,,,,,,,,,,,,,,,,,,,,,,,,,,,,,,,,,,,,,,,,,,,,,,,
,,,,,,,,,,,,,,,,,,,,,,,,,,,,,,,,,,,,,,,,,,,,,,,,,,,,,,,,,,,,,,,,,,,,,,,,,,,,,,,,,,,,,,,,,,,,,,,,,,,,,,,,,,,,,,,,,
,,,,,,,,,,,,,,,,,,,,,,,,,,,,,,,,,,,,,,,,,,,,,,,,,,,,,,,,,,,,,,,,,,,,,,,,,,,,,,,,,,,,,,,,,,,,,,,,,,,,,,,,,,,,,,,,,
,,,,,,,,,,,,,,,,,,,,,,,,,,,,,,,,,,,,,,,,,,,,,,,,,,,,,,,,,,,,,,,,,,,,,,,,,,,,,,,,,,,,,,,,,,,,,,,,,,,,,,,,,,,,,,,,,
