,111CA,113FF,211,212,213,22,23,321,327,331,332,333,334,335,3361MV,3364OT,337,339,311FT,313TT,315AL,322,323,324,325,326,42,441,445,452,4A0,481,482,483,484,485,486,487OS,493,511,512,513,514,521CI,523,524,525,HS,ORE,532RL,5411,5415,5412OP,55,561,562,61,621,622,623,624,711AS,713,721,722,81,GFGD,GFGN,GFE,GSLG,GSLE,T001,F010,F02E,F02N,F02R,F02S,F030,F040,F06C,F06E,F06N,F06S,F07C,F07E,F07N,F07S,F10C,F10E,F10N,F10S,T019
Farms,97183,394,---,78,34,---,4938,---,---,---,---,---,---,---,---,---,---,130,304745,2223,---,---,---,---,9480,---,1905,260,1959,518,357,---,---,---,---,---,---,147,---,---,---,---,---,0,---,---,---,4,3,---,1,0,1485,62,1226,---,169,---,---,---,---,---,667,47,4429,24,6,564,---,2952,---,435988,193671,---,---,---,---,-6251,77779,---,---,---,---,---,---,---,---,---,---,---,---,701188
"Forestry, fishing, and related activities",24557,9818,---,93,---,---,---,20870,2,---,---,---,---,---,---,---,103,355,9537,---,151,9751,78,35,837,2847,---,---,1329,---,7,---,---,---,---,---,---,18,---,---,---,---,---,---,---,---,---,---,---,---,---,---,360,20,7,---,110,---,---,---,---,---,332,568,7469,282,---,120,23,5270,---,94948,12770,---,---,---,---,-645,7145,---,---,---,---,---,---,---,---,---,---,---,---,114218
Oil and gas extraction,---,---,61479,8,1,43731,---,1,0,18,0,0,---,---,0,---,---,---,1,---,---,1,0,374441,4048,2,32,7,5,2,20,---,---,---,---,---,12,---,2,1,0,1,---,---,---,---,---,---,---,---,---,1,10,42,3,4,3,3,13,2,2,1,11,35,97,6,---,---,814,---,25829,510689,---,---,---,---,---,1101,106749,---,---,---,---,---,---,---,---,---,---,---,---,618539
"Mining, except oil and gas",2294,1,92,9323,49,10417,33376,2,10806,15243,852,197,2,155,79,94,17,198,732,31,---,575,---,2086,5245,44,30,---,---,---,7,---,216,0,10,0,---,5,1,50,37,296,1348,---,---,---,---,622,---,---,---,---,1742,53,875,117,498,---,43,45,24,293,527,73,425,926,---,1009,---,2784,5534,109499,61,49,---,---,---,-652,19305,---,---,---,---,---,---,---,---,---,---,---,---,128263
Support activities for mining,---,---,8890,1676,850,---,---,---,---,---,---,---,---,---,---,---,---,---,---,---,---,---,---,---,---,---,---,---,---,---,---,---,---,---,---,---,---,---,---,---,---,---,---,---,---,---,---,---,---,---,---,---,67,4,---,---,---,---,---,---,---,---,---,---,---,---,---,---,---,---,---,11487,---,1917,---,---,78012,-10,1822,---,---,---,---,---,---,---,---,---,---,---,---,93229
Utilities,4982,111,7858,2811,82,42391,7645,1022,3271,4579,3526,1720,417,585,2605,556,447,834,7930,953,127,4110,1151,7625,12033,4250,22971,4189,11945,7260,27697,63,125,93,2733,83,1134,1179,15200,531,335,3435,3064,1647,993,783,1852,20,141751,2265,536,252,4845,12920,3403,538,6127,2288,9466,1582,1176,604,1356,5755,31075,4022,1719,1289,880,31274,3017,499094,306712,---,---,---,---,---,3573,---,---,---,---,---,---,---,---,---,---,---,---,809379
Construction,1657,29,1315,1292,629,8097,275,97,301,335,421,284,41,76,383,81,56,118,874,64,17,481,154,7284,1020,369,2351,551,580,587,3681,252,2647,24,358,265,515,2297,835,42,20,2402,282,3322,1702,642,260,77838,100100,347,97,21,782,612,500,31,249,187,647,140,197,229,244,575,1944,3689,7659,3205,650,33882,61375,344569,---,---,---,839808,499971,---,115,---,---,---,11093,---,---,---,13791,---,---,---,342308,2051653
Wood products,600,59,---,588,314,---,88703,38210,496,680,490,875,708,951,4640,394,11204,2248,648,79,19,9502,6,---,521,2313,7891,163,1378,214,2844,---,4776,---,176,---,3,149,488,85,167,1506,2631,104,10,16,---,1487,10899,546,36,27,1211,8,871,34,47,491,446,7,1003,12,185,1315,2091,780,6,23,1,6626,229,215231,16416,---,---,17722,85,385,6665,---,---,---,---,---,32,---,---,---,---,---,---,256536
Nonmetallic mineral products,7,28,2731,563,834,109,126446,957,21816,2558,1660,2172,209,2070,12415,522,449,1080,7050,257,---,443,3,1947,2333,2336,213,480,139,112,2178,---,29,---,59,---,0,73,408,5,7,3247,1622,46,97,23,---,2059,139,505,5,86,6023,77,1526,340,95,3068,3091,225,421,16,92,180,4510,2072,39,607,---,2865,2885,230659,28840,---,---,---,---,622,10937,---,---,---,---,---,---,---,---,---,---,---,---,271059
Primary metals,153,---,10284,766,393,7,10354,609,1819,91843,96891,42978,3202,21538,64315,10282,5745,9770,6982,258,---,1192,47,86,83,1880,2197,9,---,0,2118,---,1187,---,---,---,---,662,---,27,18,311,1050,---,---,1,---,15,4126,176,---,1,2585,83,646,583,152,68,37,16,352,16,217,14,289,412,146,678,---,206,713,400592,4222,---,---,---,---,-5691,35560,---,---,---,---,---,---,---,---,---,---,---,---,434683
Fabricated metal products,2655,172,12110,1146,737,744,155424,3110,4184,4708,44106,33787,3434,10810,55108,13583,3963,7048,19808,843,594,6766,1749,854,11814,8434,5466,567,389,167,4230,216,661,927,1572,232,796,1344,774,1002,82,13382,3821,200,360,10,32,460,4683,1747,84,1407,8501,1652,4633,3559,854,377,1626,43,2458,33,521,2172,6316,3808,7901,1363,520,5430,5702,509767,66991,18417,---,---,---,-2806,39144,---,561,---,---,---,8,---,---,---,46,---,---,632127
Machinery,4860,214,17428,5800,3935,1504,63826,583,234,943,5098,43815,292,2900,33525,4922,101,1396,6563,50,2,1193,2226,183,5221,2343,4076,199,286,248,1817,3,87,15,199,147,34,5929,660,142,70,1925,1645,7,57,867,---,243,730,911,39,1774,4558,665,5289,5242,4228,1298,718,196,192,29,148,117,1512,8281,818,285,115,8102,2269,275327,39934,379898,---,---,---,5996,130562,---,2056,---,---,---,7,---,---,---,7975,---,---,841756
Computer and electronic products,61,0,42,19,99,138,8367,987,1923,2157,7046,12417,21710,5621,32658,14283,1446,4042,3298,1041,230,1509,3145,675,7644,3439,20782,1289,550,556,4290,4,118,2,277,7,2,181,464,4287,1598,28634,9928,391,1695,101,845,978,860,369,2157,8259,15143,17121,5783,802,1207,13288,875,196,557,31,215,327,172,5345,37574,6029,1,3351,1571,332211,240362,312299,---,669,---,9354,120990,---,10285,---,---,---,319,---,---,---,1898,---,---,1028386
"Electrical equipment, appliances, and components",7439,254,265,122,852,28,76713,3079,247,1809,3901,20624,1495,14561,10944,1968,122,1667,1267,99,16,687,206,164,1345,2144,1847,376,143,1626,951,1,434,26,75,96,1,42,173,4,---,9106,754,102,112,18,---,416,2308,334,0,2034,8579,143,3459,1330,1516,20,680,1243,646,51,340,891,1394,7702,2951,3029,68,1596,5358,213994,119397,51902,---,12116,---,2515,36845,---,465,---,---,---,7,---,---,---,790,---,---,438031
"Motor vehicles, bodies and trailers, and parts",1029,107,1585,786,327,57,3778,847,965,730,1471,16481,242,331,260384,4623,439,720,3546,101,4,1504,341,199,1732,705,10104,7573,2344,389,10245,---,76,---,5097,313,0,230,4527,339,163,872,285,51,25,---,---,---,---,1819,---,59,5556,1150,10675,1624,395,468,1187,125,1924,215,139,213,1209,18877,4839,82,948,8331,728,406229,433879,308528,---,---,---,-21773,107803,---,44832,---,---,---,12220,---,---,---,27004,---,---,1318722
Other transportation equipment,---,57,---,8,---,---,3,18,---,---,80,174,---,---,363,59785,---,---,---,---,---,---,---,---,---,---,13,74,---,---,---,678,1774,1618,0,47,---,2756,---,---,---,10,---,---,---,---,---,---,---,---,---,---,707,12,221,123,---,---,---,---,0,---,0,---,---,419,65828,2428,4,0,134,137333,49870,53088,---,---,---,-10942,78696,---,37079,---,---,---,264,---,---,---,1628,---,---,347016
Furniture and related products,0,---,---,---,---,---,27931,195,1,---,---,176,26,1,26,140,3820,70,---,---,---,1,---,---,---,244,829,249,---,4,2665,---,---,0,---,---,---,3,---,1,---,181,573,---,---,---,---,9991,93,---,24,3,615,4,4,---,---,579,92,1,114,124,169,2,412,226,---,---,1387,14,49,51038,170308,46314,---,1435,---,-458,4354,---,0,---,---,---,0,---,---,---,326,---,---,273316
Miscellaneous manufacturing,60,3,72,39,17,---,1203,11,143,38,68,3021,2,790,2392,70,7,9074,8,146,239,0,8,0,387,183,1188,372,149,3,1601,0,2,---,8,11,0,330,538,5,6,210,133,74,92,27,---,3,245,56,50,5,4346,24,2811,583,428,23515,20860,1722,2856,56,212,42,804,1563,473,976,---,22962,125,107445,388398,84807,---,---,---,8190,44254,---,13,---,---,---,2,---,---,---,591,---,---,633700
Food and beverage and tobacco products,54309,374,---,---,---,---,---,43,320,6,---,---,---,---,---,---,---,9,206825,6,1409,1410,1092,615,4683,225,4300,2,4104,1179,1364,1179,2,410,90,---,---,94,---,54,6,---,196,---,---,---,---,---,---,---,---,---,6433,49,0,---,6534,14,8663,5621,11977,922,5278,7907,95181,2652,2430,116,592,75709,---,514382,1253107,---,---,---,---,3745,89139,---,---,---,---,---,---,---,---,---,---,---,---,1860372
Textile mills and textile product mills,28,18,---,1,---,---,3167,536,531,---,---,1287,0,0,3770,556,3179,2530,120,8535,3728,4338,447,109,7,2645,4316,97,152,7807,3643,---,---,38,14,---,1,62,1,4,233,9,8,---,---,---,---,12,210,181,---,---,501,11,407,228,62,115,903,3780,1654,0,137,2891,651,472,702,419,3,4480,31,69765,106715,3331,---,2666,---,2783,10428,---,---,---,---,---,1,---,---,---,0,---,---,195690
Apparel and leather and allied products,74,---,---,---,---,0,---,---,0,---,---,---,---,---,1982,---,---,202,13,63,1593,---,76,6,---,0,672,13,0,204,251,---,---,---,---,---,---,---,---,0,0,7,0,---,---,---,---,---,---,0,---,---,31,0,204,115,3,3,13,---,1,29,20,6,0,700,27,12,229,2334,42,8927,472549,---,---,---,---,4451,6082,---,---,---,---,---,---,---,---,---,---,---,---,492009
Paper products,492,0,169,207,51,60,6951,625,1863,1285,2775,2173,255,1265,4039,591,1299,2425,35026,591,148,39935,7046,386,7255,5337,11041,203,2688,697,4024,33,123,4,232,1984,18,5575,559,1750,211,1055,478,925,1003,394,4,37,1966,875,848,466,6942,1666,5466,418,359,1310,3045,1207,1350,169,244,3571,5287,1747,162,1664,44,16613,46,210750,53092,---,---,---,---,1596,24891,---,---,---,---,---,---,---,---,---,---,---,---,290329
Printing and related support activities,11,---,7,1,---,3,84,2,---,---,0,3,---,0,3,---,---,---,96,---,10,---,1063,1,183,---,9820,127,219,157,7477,11,9,---,748,45,1,362,10,6889,994,293,5766,718,1704,2055,---,---,216,278,857,233,8070,1291,3461,18,981,1459,2292,127,1359,480,234,701,775,2518,379,867,7,11054,607,77137,8082,---,---,---,---,2816,2463,---,---,---,---,---,---,---,---,---,---,---,---,90498
Petroleum and coal products,11073,562,8984,4488,2279,40640,75453,801,735,1585,835,1150,98,1794,644,144,299,765,3714,115,46,1688,1067,26368,12300,1022,8488,1413,917,212,3466,21974,9067,3018,41360,2145,117,23195,263,389,194,977,699,6014,8349,70,766,349,10616,2999,81,1210,3109,2101,9722,1947,986,1066,4769,833,931,150,1322,1309,5589,4371,14423,1005,2793,124104,19397,546920,368890,---,---,---,---,-3840,128022,---,---,---,---,---,---,---,---,---,---,---,---,1039993
Chemical products,43619,2999,11890,3133,1184,3554,25115,2175,5696,1891,8739,4099,1338,2582,10559,1417,1788,6674,11373,10923,468,13652,6522,15515,239495,69192,4663,355,263,114,4278,1,287,4,251,9,1,218,2795,533,294,883,1832,68,455,59,---,737,17854,504,536,224,36088,2099,15367,1437,1320,60664,29586,5334,1345,780,1055,124,1773,5128,2555,2806,104,53495,3591,767461,770724,3054,---,---,---,-4600,227671,---,---,---,---,---,---,---,---,---,---,---,---,1764311
Plastics and rubber products,2226,122,178,959,595,40,59653,767,1614,660,3197,7554,679,2024,34497,3005,5607,5957,26275,479,436,4108,879,682,14178,20671,20580,3665,3115,603,10718,35,8,0,711,30,39,3671,710,449,231,5457,1148,57,164,532,0,914,1422,1960,74,813,9030,233,3011,462,1088,11004,5179,1880,1017,43,246,197,10754,5472,1725,751,18,15892,2882,325029,88875,619,---,252,---,1204,31200,---,---,---,---,---,1,---,---,---,---,---,---,447180
Wholesale trade,1373,23,92,103,---,1637,114,315,453,1350,1343,4321,449,1584,768,74,403,2626,4352,283,78,1393,115,184,3862,1900,56193,2649,511,22,27620,171,---,---,143,---,3,---,---,1168,32,1849,---,5,36,46,3,---,---,11256,---,116,---,---,144,104,58,390,163,---,---,---,108,---,61,40,---,---,0,42,---,132127,---,---,---,---,---,---,2805,---,---,---,---,---,---,---,---,---,---,---,---,134933
Motor vehicle and parts dealers,---,---,---,---,---,---,---,---,---,---,---,---,---,---,---,---,---,---,---,---,---,---,---,---,---,---,---,---,---,---,---,---,---,---,---,---,---,---,---,---,---,---,---,---,---,---,---,---,---,---,---,---,---,---,---,---,---,---,---,---,---,---,---,---,---,---,---,---,---,---,---,---,---,---,---,---,---,---,---,---,---,---,---,---,---,---,---,---,---,---,---,---
Food and beverage stores,---,---,---,---,---,---,---,---,---,---,---,---,---,---,---,---,---,---,---,---,---,---,---,---,---,---,---,---,---,---,---,---,---,---,---,---,---,---,---,---,---,---,---,---,---,---,---,---,---,---,---,---,---,---,---,---,---,---,---,---,---,---,---,---,---,---,---,---,---,---,---,---,---,---,---,---,---,---,---,---,---,---,---,---,---,---,---,---,---,---,---,---
General merchandise stores,---,---,---,---,---,---,---,---,---,---,---,---,---,---,---,---,---,---,---,---,---,---,---,---,---,---,---,---,---,---,---,---,---,---,---,---,---,---,---,---,---,---,---,---,---,---,---,---,---,---,---,---,---,---,---,---,---,---,---,---,---,---,---,---,---,---,---,---,---,---,---,---,---,---,---,---,---,---,---,---,---,---,---,---,---,---,---,---,---,---,---,---
Other retail,---,---,---,---,---,---,---,---,---,---,---,---,---,---,---,---,---,---,---,---,---,---,---,---,---,---,---,1856,---,834,1304,---,---,---,---,---,---,---,---,---,---,---,---,---,---,---,---,---,---,---,---,---,---,---,---,---,---,---,---,---,---,---,---,---,---,19,---,---,---,---,---,4012,10275,---,---,---,---,---,---,---,---,---,---,---,---,---,---,---,---,---,---,14288
Air transportation,---,---,4,13,108,660,195,76,158,100,289,201,14,17,118,84,69,131,376,21,13,103,140,143,162,216,4351,81,41,62,516,203,16,200,1265,13,9,1217,60,446,303,1015,1875,1113,2512,348,192,30,5746,721,937,1385,4478,256,6244,411,403,1925,264,233,383,86,237,131,871,764,1829,1373,316,2428,50,50751,120109,---,---,---,---,---,20604,---,---,---,---,---,---,---,---,---,---,---,---,191464
Rail transportation,---,---,---,---,---,103,0,---,---,---,---,---,---,---,---,---,---,0,---,---,---,---,1,---,---,---,43,5,6,---,29,---,99,---,3762,---,13,392,27,---,---,82,1,5,7,90,---,---,---,19,26,8,237,1,98,---,---,6,11,---,---,---,---,---,---,16,97,49,357,374,---,5962,777,---,---,---,---,---,1386,---,---,---,---,---,---,---,---,---,---,---,---,8125
Water transportation,---,---,---,---,---,0,0,---,---,---,---,0,---,---,---,---,---,---,---,---,---,---,---,---,0,---,514,0,---,---,---,---,---,---,---,---,12,---,---,---,---,0,---,---,---,---,---,---,---,0,---,---,252,37,0,0,78,0,16,---,0,0,---,---,---,0,1667,124,431,281,---,3413,11156,---,---,---,---,---,4761,---,---,---,---,---,---,---,---,---,---,---,---,19330
Truck transportation,172,---,---,---,78,---,---,159,70,142,525,153,112,24,145,35,82,170,110,56,26,171,79,659,109,247,4435,1253,1143,1250,5473,804,163,53,4908,33,29,3366,129,141,95,6,481,---,---,32,3,---,---,151,106,47,2071,5,399,66,30,151,234,27,83,19,4,14,168,284,1482,27,224,459,28,33198,15652,---,---,---,---,---,1733,---,---,---,---,---,---,---,---,---,---,---,---,50582
Transit and ground passenger transportation,---,3,2,5,39,1088,504,30,65,42,117,84,6,7,51,33,27,68,152,7,5,42,54,57,68,85,630,40,5,15,113,1,463,---,---,---,3,149,6,198,109,908,1071,647,1133,851,80,161,2854,520,637,748,4618,129,3718,163,289,1520,1725,611,138,1671,65,79,465,388,15,3,9,16327,440,46354,33405,---,---,---,---,---,---,---,---,---,---,---,---,---,---,---,---,---,---,79759
Pipeline transportation,---,---,482,---,---,---,---,---,---,---,---,---,---,---,---,---,---,---,---,---,---,---,---,---,---,---,---,---,---,---,---,---,---,---,---,---,---,---,---,---,---,---,---,---,---,---,---,---,---,---,---,---,---,---,---,---,---,---,---,---,---,---,---,---,---,---,---,---,---,---,---,482,---,---,---,---,---,---,304,---,---,---,---,---,---,---,---,---,---,---,---,786
Other transportation and support activities,---,127,66,1782,4,12188,---,853,1510,142,164,19,---,3,8,---,353,285,805,96,---,745,468,1955,228,660,59064,2317,1083,718,20577,20762,1955,3245,64578,378,1069,43863,2161,2039,1428,358,6981,195,3335,470,---,---,---,2601,1148,578,20140,632,4515,2475,501,2050,3407,416,1264,525,574,97,633,2553,1,114,856,843,5488,310452,32877,---,---,---,---,---,15285,---,---,---,---,---,---,---,---,---,---,---,---,358614
Warehousing and storage,306,---,11,285,---,558,---,3579,2257,129,1717,635,1515,71,223,117,125,677,4041,1723,624,3716,1829,4148,3026,5938,28449,7696,10446,12670,39019,13,2,512,17998,96,57,1874,13731,704,301,870,1366,---,---,73,---,1,94,448,232,125,1328,5,3282,121,121,708,959,137,261,135,107,653,1904,1080,100,262,---,3932,118,189238,106,---,---,---,---,---,180,---,---,---,---,---,---,---,---,---,---,---,---,189525
"Publishing industries, except internet (includes software)",46,1,38,0,1,274,818,2,1,5,37,33,6,1,13,44,6,31,7,---,0,6,51,4,25,10,2624,237,112,157,1090,6,74,---,114,5,---,657,165,16699,83,1134,2948,223,1179,204,32,68,484,348,1602,1228,5996,2843,3282,14,1098,1845,1524,116,972,26,81,110,132,1030,1541,1610,141,13854,151,69304,195316,---,219357,---,---,6659,43605,---,---,3011,---,---,---,3614,---,---,---,10692,---,551558
Motion picture and sound recording industries,---,---,---,---,---,---,---,---,---,---,---,---,---,---,---,---,---,---,---,---,---,---,---,---,---,---,30,555,328,---,296,4,---,---,10,---,306,37,---,71,21591,56205,22,12,39,---,---,---,179,479,15,27,4968,242,117,---,4270,55,27,2543,2349,93,145,2807,4408,920,1783,805,6,1485,---,107229,25096,---,41899,---,---,541,17430,---,---,---,---,---,---,---,---,---,---,---,---,192195
Broadcasting and telecommunications,351,19,1129,150,270,1662,7683,131,267,157,618,529,79,96,276,150,105,360,723,62,38,221,292,350,452,399,19016,1864,823,669,13173,258,128,84,7284,647,945,5322,669,3372,573,114932,11000,4790,6739,5231,759,2903,17077,1858,5189,4040,17630,5924,18459,810,2325,5906,4025,850,1325,320,1141,1581,6428,6032,3392,4639,314,42597,807,370417,356215,7146,31482,---,---,---,10164,---,---,---,---,---,---,---,---,---,---,---,---,775424
"Data processing, internet publishing, and other information services",---,0,72,5,6,2580,1549,709,761,880,2299,1351,375,233,717,558,480,889,1313,232,129,853,391,774,603,1197,5751,2496,1676,1305,9384,125,1,---,435,52,88,1803,216,3141,267,6080,25652,5085,4406,2079,1123,72,1160,7450,4712,3490,26072,8985,36634,1184,5937,2258,4862,387,1882,564,937,616,5092,9147,11608,7246,252,17710,2234,250615,130120,---,19341,---,---,---,5813,---,---,732,---,---,---,651,---,---,---,2290,---,409562
"Federal Reserve banks, credit intermediation, and related activities",1186,62,3008,499,726,11963,10315,214,932,663,1226,1180,591,290,985,599,381,769,2964,203,169,326,315,589,1489,1128,24765,2351,3414,3836,20573,1826,5441,502,11118,7253,423,3265,1190,2204,1908,5281,3314,24180,47106,11955,3152,125140,78197,24182,4546,3544,26408,15768,15520,412,2592,9995,2198,2262,1727,483,1528,1090,3291,14700,330,423,1948,4836,10349,579300,335078,---,---,---,---,---,75475,---,---,---,---,---,---,---,---,---,---,---,---,989853
"Securities, commodity contracts, and investments",232,34,3280,1467,3662,1049,3432,35,87,938,1534,1424,50,229,1032,518,394,833,223,16,9,37,51,107,47,109,2943,243,338,560,1385,4691,1034,7181,2315,1106,285,4937,68,489,621,709,283,22479,71424,8174,118726,68,8249,1492,1286,549,4879,12076,3554,82,585,1832,13415,526,3003,339,141,2553,4990,19202,22,129,75,27004,3189,380058,310892,---,---,---,---,---,96372,---,---,---,---,---,---,---,---,---,---,---,---,787323
Insurance carriers and related activities,2722,564,10081,1068,1264,1297,910,150,991,414,672,1124,199,622,1133,1321,330,560,2652,331,306,288,89,326,1638,482,33792,2445,1516,1514,9475,349,39,438,11374,2194,574,3348,2103,588,2061,2444,1470,5236,18903,519276,7405,15057,60387,4809,4384,1335,11911,229,12686,1444,2246,6197,74380,1445,4970,1529,1682,1174,4624,6482,0,113673,419,1991,10882,1002017,437741,---,---,2538,---,---,23298,---,---,---,---,---,---,---,---,---,---,---,---,1461304
"Funds, trusts, and other financial vehicles",---,---,---,---,---,---,---,---,---,---,---,---,---,---,---,---,---,---,---,---,---,---,---,---,---,---,---,---,---,---,---,---,---,---,---,---,---,---,---,---,---,---,---,---,---,14796,16835,---,---,---,---,---,---,55,---,---,---,---,---,---,---,---,---,---,---,---,---,---,---,---,---,31686,191127,---,---,---,---,---,---,---,---,---,---,---,---,---,---,---,---,---,---,222813
Housing,---,---,---,---,---,---,---,---,---,---,---,---,---,---,---,---,---,---,---,---,---,---,---,---,---,---,---,---,---,---,---,---,---,---,---,---,---,---,---,---,---,---,---,---,---,---,---,---,---,---,---,---,---,---,---,---,---,---,---,---,---,---,---,---,---,---,---,---,---,---,---,---,2398820,---,---,---,---,---,---,---,---,---,---,---,---,---,---,---,---,---,---,2398820
Other real estate,27977,68,1820,98,122,6265,26219,428,714,307,3574,1448,3770,418,1712,6513,803,1355,3139,503,142,1196,1521,106,4719,1981,105271,15044,23837,17055,130774,399,355,445,7937,833,420,4922,22145,3542,6849,18883,25494,17975,33253,85224,738,18476,136888,11595,34998,6188,74029,37156,24680,1864,40786,50547,52488,25008,24184,8098,12436,6455,91073,42370,5838,12154,1092,41382,3919,1382016,7178,---,---,179433,23440,---,3089,---,---,---,---,---,---,---,---,---,---,---,---,1595157
Rental and leasing services and lessors of intangible assets,3425,134,7087,1143,1689,1213,25134,164,728,564,1633,1307,236,353,1259,830,137,986,2969,106,129,721,427,1518,3396,701,33499,1089,1858,2569,12673,10537,3399,385,14472,1401,183,2002,1280,2312,3017,11559,11908,3503,7016,5154,27,142,2678,6083,3554,2720,18999,20678,8789,1581,2309,4484,5468,447,565,1170,1214,1590,9389,1464,406,376,465,9905,461,292767,130703,---,---,---,---,---,86809,---,---,---,---,---,---,---,---,---,---,---,---,510278
Legal services,252,52,3138,445,635,5450,7179,731,547,805,3369,1415,2745,167,1784,3997,290,1593,1024,231,145,915,606,1577,3313,1387,14433,517,348,857,5146,201,625,209,767,114,498,1438,330,3482,1164,5285,5304,2153,8505,23470,1228,3826,22366,727,2519,4881,15582,10247,11357,526,406,5174,15986,1070,1042,955,1890,1924,4323,3797,918,340,610,9643,848,240824,122103,---,---,46334,---,---,18748,---,---,---,---,---,---,---,---,---,---,---,---,428008
Computer systems design and related services,317,32,6720,200,17,2388,5570,135,238,194,1056,1721,144,67,344,584,129,390,786,83,40,223,344,771,527,381,16620,2303,854,1153,6691,106,1258,4,2192,111,26,667,434,5266,787,7916,15388,5122,9548,4232,569,627,2599,799,5216,6608,22983,22982,17520,363,1936,6035,11517,1162,1540,193,1114,569,2629,4103,19895,21673,311,20559,2552,280135,---,45913,266581,---,---,---,45824,---,87,11112,---,---,---,28292,---,---,5,11883,---,689832
"Miscellaneous professional, scientific, and technical services",1651,474,8944,2336,3707,19594,98539,2638,3273,4106,9705,5886,6495,1619,6454,7030,2378,6226,13934,1415,902,3372,2210,5239,11538,6346,137170,18379,10745,11075,108293,994,2748,1403,12111,1082,6194,6884,2416,18851,18304,74459,82235,39910,51795,39678,3031,2226,124160,12615,13287,29876,184407,68663,74248,3980,7473,34714,52167,7987,8038,4002,5870,9175,43726,26912,39192,14513,1383,66839,18282,1737505,86635,28464,631115,5651,---,---,198028,---,---,69618,---,---,---,100633,---,---,---,23815,---,2885753
Management of companies and enterprises,---,---,19952,3096,671,22,12836,780,2163,1223,8810,16841,11136,1365,15213,6643,564,3917,23140,1244,1333,2684,868,9859,17419,2775,106563,1366,6087,25984,31308,419,120,791,16656,549,63,8118,976,8828,1153,4339,3138,2795,17110,3049,495,15,3540,6509,7995,6824,32262,125,77660,4551,2866,26882,10724,3672,3077,1824,1956,17536,84497,9777,---,---,511,---,---,707265,---,---,---,---,---,---,3042,---,---,---,---,---,---,---,---,---,---,---,---,710307
Administrative and support services,701,57,1951,694,955,21107,16207,638,1680,2314,7549,2299,2295,534,3452,3672,360,1748,4301,474,749,1678,3191,3786,5374,2238,102584,6453,5421,5163,58048,8976,1994,6401,20956,4117,3307,16116,5506,9461,3437,30783,54169,18804,16657,13290,372,17141,156164,17783,12052,28387,85964,13790,102376,4689,4704,31448,63695,9751,5335,3245,2814,8257,21929,17277,16855,3394,2037,53518,8886,1173513,64899,---,---,---,---,---,4370,---,---,---,---,---,---,---,---,---,---,---,---,1242782
Waste management and remediation services,224,9,1773,233,172,1097,4010,83,256,285,337,203,34,53,193,121,79,131,1284,93,17,270,89,750,1532,302,3554,1008,652,372,2829,19,86,41,2031,71,58,906,1112,163,42,343,140,364,141,1983,479,90,17471,507,163,154,2427,849,3342,12788,877,2329,3279,841,955,86,939,1043,3828,2580,467,419,155,21452,4145,111210,32185,---,---,---,---,---,419,---,---,---,---,---,---,---,---,---,---,---,---,143813
Educational services,15,3,---,---,---,174,5,---,---,---,---,---,---,---,---,---,---,---,---,---,---,---,35,15,---,1,1744,62,1028,---,6309,163,26,---,---,---,18,52,---,---,---,52,193,30,37,---,---,---,---,---,---,37,64,---,2290,---,5288,1,30,---,---,4471,585,---,---,6998,2539,191,431,23464,20,56368,376180,---,---,---,---,---,6352,---,---,---,---,---,---,---,---,---,---,---,---,438900
Ambulatory health care services,---,---,---,---,---,---,---,---,---,---,---,---,---,---,---,---,---,---,---,---,---,---,---,---,---,---,---,---,---,---,---,---,---,---,---,---,---,---,---,---,---,---,---,---,---,---,---,---,---,---,---,---,163,---,81,---,---,22617,17410,84,10,96,2,---,---,134,---,740,---,8421,---,49759,1206770,---,---,---,---,---,108,---,---,---,---,---,---,---,---,---,---,---,---,1256637
Hospitals,---,---,---,---,---,---,---,---,---,---,---,---,---,---,---,---,---,---,---,---,---,---,---,---,---,---,---,---,---,---,---,---,---,---,---,---,---,---,---,---,---,---,---,---,---,---,---,---,---,---,---,---,---,---,---,---,---,---,2632,---,---,---,---,---,---,---,---,---,---,---,---,2632,1249051,---,---,---,---,---,7617,---,---,---,---,---,---,---,---,---,---,---,---,1259300
Nursing and residential care facilities,---,---,---,---,---,---,---,---,---,---,---,---,---,---,---,---,---,---,---,---,---,---,---,---,---,---,---,---,---,---,---,---,---,---,---,---,---,---,---,---,---,---,---,---,---,---,---,---,---,---,---,---,---,---,---,---,---,---,---,---,---,---,---,---,---,---,---,2839,---,468,---,3307,261205,---,---,---,---,---,---,---,---,---,---,---,---,---,---,---,---,---,---,264513
Social assistance,---,---,---,---,---,---,---,---,---,---,---,---,---,---,---,---,---,---,---,---,---,---,---,---,---,---,---,---,---,---,---,---,---,---,---,---,---,---,---,---,---,---,---,---,---,---,---,---,---,---,---,---,---,---,---,---,---,---,---,---,---,---,---,---,---,---,---,---,---,9568,---,9568,252111,---,---,---,---,---,---,---,---,---,---,---,---,---,---,---,---,---,---,261680
"Performing arts, spectator sports, museums, and related activities",98,0,1,---,21,184,223,26,49,49,99,72,3,5,42,30,17,53,160,9,5,48,55,104,51,131,3138,1050,779,71,1242,67,201,---,270,13,---,615,62,299,9505,14228,860,895,1204,701,206,0,9010,457,966,742,8786,3305,4263,164,2062,1212,1028,254,382,24688,926,300,1878,3539,1076,56,46,2141,40,104263,61313,---,6284,---,---,---,1446,---,---,---,---,---,---,---,---,---,---,---,---,173305
"Amusements, gambling, and recreation industries",31,0,---,1,14,91,193,9,20,13,38,25,2,2,15,11,8,20,48,2,0,13,18,19,20,28,571,6,83,3,705,0,1,---,---,---,---,15,3,66,36,163,328,216,363,118,26,22,924,90,233,265,944,942,1355,56,83,521,25,52,85,107,18,267,509,297,227,5,1,1148,307,11830,192367,---,---,---,---,---,---,---,---,---,---,---,---,---,---,---,---,---,---,204197
Accommodation,2,---,4,9,76,760,281,52,114,75,211,152,11,15,90,61,49,117,271,16,9,75,143,108,124,184,1308,12,54,27,234,---,10,---,---,---,10,934,108,405,260,1016,1982,1353,2276,715,167,868,5710,726,1129,1603,4808,512,6373,438,341,2134,160,191,289,72,99,217,1051,726,525,414,25,2056,100,44449,161144,---,---,---,---,---,---,---,---,---,---,---,---,---,---,---,---,---,---,205592
Food services and drinking places,469,32,78,49,278,3162,607,156,295,234,519,413,31,63,244,154,116,287,853,61,32,225,248,477,309,422,7099,1013,1308,1121,6284,15107,7,32,3208,150,125,3916,297,789,777,2033,3940,4368,4976,5725,837,8628,36940,2401,4321,4279,25620,4763,24062,830,1620,23801,16219,9584,2753,584,2129,6788,5535,5127,423,259,706,15959,658,276918,903493,---,---,---,---,---,1755,---,---,---,---,---,---,---,---,---,---,---,---,1182166
"Other services, except government",394,315,270,127,352,755,11492,431,1036,1188,1902,1023,244,219,1328,313,204,541,2792,220,52,1625,570,1703,3194,1340,40340,2447,4502,2855,17068,347,165,19,12627,1321,415,4577,1807,688,243,4419,6466,4725,4548,10446,788,90,9774,8573,1839,1008,13019,8772,15241,2858,1836,6099,19673,1562,1146,740,1092,2273,17288,9389,2985,667,934,45726,2756,329784,631191,---,---,---,---,---,93,---,---,---,---,---,---,---,---,---,---,---,---,961068
Federal general government (defense),---,---,---,---,---,---,---,---,---,---,---,---,---,---,---,---,---,---,---,---,---,---,---,---,---,---,---,---,---,---,---,---,---,---,---,---,---,---,---,---,---,---,---,---,---,---,---,---,---,---,---,---,---,---,---,---,---,---,---,---,---,---,---,---,---,---,---,---,---,---,---,---,---,---,---,---,---,---,---,713008,---,---,---,---,---,---,---,---,---,---,---,713008
Federal general government (nondefense),---,---,---,---,---,---,---,---,---,---,---,---,---,---,---,---,---,---,---,---,---,---,---,---,---,---,---,---,---,---,---,---,---,---,---,---,---,---,---,---,---,---,---,---,---,---,---,---,---,---,---,---,---,---,---,---,---,---,---,---,---,---,---,---,---,---,---,---,---,---,---,---,---,---,---,---,---,---,---,---,---,---,---,533783,---,---,---,---,---,---,---,533783
Federal government enterprises,9,2,---,3,---,207,5,---,---,5,23,193,0,92,---,---,---,19,---,1,---,---,39,64,36,---,12649,410,358,237,4472,3,---,1635,10252,121,118,1472,333,416,317,231,1530,1103,13318,117,---,1,315,515,321,150,2348,127,1213,112,243,635,1471,191,306,77,59,477,2909,1078,0,140,1,1259,121,63857,5709,---,---,---,---,---,874,---,---,---,---,---,---,---,---,---,---,---,---,70439
State and local general government,---,---,---,---,---,---,---,---,---,---,---,---,---,---,---,---,---,---,---,---,---,---,---,---,---,---,---,---,---,---,---,---,---,---,---,---,---,---,---,---,---,---,---,---,---,---,---,---,---,---,---,---,---,---,---,---,---,---,---,---,---,---,---,---,---,---,---,---,---,---,---,---,---,---,---,---,---,---,---,---,---,---,---,---,---,---,---,2106940,---,---,---,2106940
State and local government enterprises,---,3,---,---,---,4453,---,27,108,129,127,80,17,26,84,28,22,49,585,45,11,119,31,328,779,108,1204,267,315,157,1202,1,---,---,434,7,20,268,536,93,43,187,107,207,175,97,---,---,942,988,613,169,2241,407,2211,143,99,655,1052,283,3174,40,246,482,1812,998,440,535,101,6357,962,37430,77737,---,---,---,---,---,---,---,---,---,---,---,---,---,---,---,---,---,---,115166
"Scrap, used and secondhand goods",-83,147,---,-11,1925,10958,4059,---,158,37460,502,6,---,---,---,---,---,0,---,49,---,5252,---,---,90,93,---,15,---,---,471,-3458,---,-112,-853,3,92,2346,2,---,0,1,---,---,---,---,---,---,---,-44,---,---,---,1156,---,---,534,2,---,---,---,-70,988,---,---,5089,-9,---,---,---,---,66761,288607,-151703,---,-1043,-3285,-13381,51762,---,72,---,-4,---,12084,---,-576,---,8466,---,4907,262669
Noncomparable imports and rest-of-the-world adjustment,689,61,1131,14,283,1059,1660,146,192,470,590,1007,3679,281,1484,646,125,304,1466,110,35,383,211,3585,1716,425,5267,40,429,663,3342,16419,167,2117,1179,10,18,388,72,523,241,7064,974,1492,44191,986,72,1772,2482,951,158,728,2495,1047,1327,43,522,---,---,208,---,224,278,993,1863,388,6365,4360,827,---,---,134438,-6631,---,16684,---,---,---,77670,---,---,---,---,---,---,---,---,---,---,---,---,222160
Total Intermediate,301930,17546,216514,47722,30342,265522,1019148,88246,76092,185452,231736,240133,68387,76507,574495,151186,48129,82447,730900,34546,14235,129544,41789,478567,407691,161838,981391,99798,112754,115633,647046,103966,42208,31763,283512,27091,18053,174387,86352,103036,80213,449032,307884,182711,388750,764212,161103,293610,1004609,143482,119610,128712,765447,284808,566608,61804,121929,375414,476463,96224,102795,60676,55313,98281,511459,286194,274370,222883,24184,913356,219909,18089683,15902575,1194044,1232744,1107582,598223,-19091,2179415,713008,95451,84473,11089,533783,24944,133191,13216,2106940,48729,48680,347215,44445892
Compensation of employees,31511,29853,24826,18534,23948,93294,635566,28148,33190,33889,107966,101965,183744,40560,80207,84679,23500,60795,134314,12358,7262,32368,24722,20164,119056,54768,605994,155664,115199,110753,363868,58505,20227,7297,118572,24464,8254,126402,93393,221340,42938,117427,126152,347745,316460,323673,4060,23438,124414,39775,157836,374959,774844,392407,504904,37380,225927,674729,466161,154782,148628,61598,57464,78099,341147,350173,292985,213818,65613,1519644,118844,12549140,---,---,---,---,---,---,---,---,---,---,---,---,---,---,---,---,---,---,---,---
Other taxes on production,11195,1483,27338,3297,2237,39202,10699,789,1714,2863,3432,4144,9649,1342,4180,3427,448,1888,7940,691,324,2014,841,4223,16717,1900,15335,4183,3955,3999,14292,4324,1645,992,4834,1039,4141,2768,975,5938,4301,3680,4816,20164,5355,7894,617,305709,32235,10107,1457,2467,11676,9446,4934,2286,10162,9532,14015,4161,1411,3167,4448,7196,5020,12331,---,---,---,---,---,730987,---,---,---,---,---,---,---,---,---,---,---,---,---,---,---,---,---,---,---,---
Less: Other subsidies on production,7888,1042,563,437,2336,591,34882,878,764,821,6004,3465,1714,799,1347,1235,1324,2653,3329,455,917,325,2020,203,1631,1056,11163,6933,2999,1661,11485,21758,50,554,4172,3523,35,2019,397,1963,3362,943,825,1951,710,1740,81,0,4795,1537,5369,4390,19245,995,10419,739,5247,33930,5477,3812,10275,13343,3444,10330,68830,19574,---,---,---,---,---,378750,---,---,---,---,---,---,---,---,---,---,---,---,---,---,---,---,---,---,---,---
Gross operating surplus,147685,10928,176495,37032,9432,214790,331437,33594,35916,40998,56416,71692,141845,26716,75417,69809,8837,40179,161579,5098,1624,28062,13338,104831,301546,29258,547472,69227,40503,16292,247909,26309,24628,4944,72694,19629,32692,42465,4525,168154,42857,323705,213884,521221,77135,276669,26760,1807130,412514,192626,127240,45042,341025,45595,172795,24443,37728,197086,82799,9297,16311,74571,15453,61921,186947,110589,176789,135748,11642,246952,78014,9584486,---,---,---,---,---,---,---,---,---,---,---,---,---,---,---,---,---,---,---,---
Value Added (basic prices),182502,41221,228096,58426,33281,346695,942821,61653,70057,76928,161810,174336,333525,67820,158456,156680,31461,100209,300504,17692,8294,62119,36882,129015,435689,84871,1157638,222141,156658,129384,614583,67379,46449,12678,191928,41609,45053,169618,98496,393470,86734,443869,344027,887179,398240,606496,31355,2136276,564369,240971,281164,418078,1108301,446453,672215,63371,268570,847416,557497,164428,156075,125992,73922,136886,464283,453519,469774,349566,77255,1766596,196858,22485863,---,---,---,---,---,---,---,---,---,---,---,---,---,---,---,---,---,---,---,---
Total industry output (basic prices),484432,58768,444610,106148,63623,612217,1961969,149899,146149,262381,393546,414469,401911,144326,732951,307867,79590,182657,1031404,52238,22529,191663,78671,607582,843380,246709,2139029,321939,269412,245017,1261629,171345,88657,44442,475440,68700,63106,344004,184849,496506,166947,892901,651911,1069890,786990,1370708,192459,2429886,1568978,384454,400774,546790,1873748,731261,1238822,125175,390500,1222830,1033961,260652,258870,186668,129234,235167,975743,739712,744145,572449,101439,2679952,416766,40575547,---,---,---,---,---,---,---,---,---,---,---,---,---,---,---,---,---,---,---,---
Taxes on products and imports,---,640,11120,2816,197,31741,2482,157,168,158,331,274,509,170,231,141,53,194,22072,17,16,140,63,324,3923,236,286859,58617,27975,45393,136376,16926,830,168,590,1249,76,385,210,1654,1274,39732,2496,3514,1609,30806,64,---,1758,14809,22027,6505,7423,1871,7930,2174,1156,2089,3274,3672,1386,4579,14521,25542,59747,16333,---,---,---,---,639,932411,---,---,---,---,---,---,---,---,---,---,---,---,---,---,---,---,---,---,---,---
Less: Subsidies on products,17796,---,---,---,---,---,---,---,---,---,---,---,---,336,---,---,---,---,---,20,---,---,---,---,19,---,---,---,---,---,---,281,5126,1,0,---,---,---,---,---,---,0,---,276,---,---,---,21786,9738,---,---,---,---,---,---,---,---,---,9,---,---,---,---,---,---,---,---,---,9083,---,38725,103194,---,---,---,---,---,---,---,---,---,---,---,---,---,---,---,---,---,---,---,---
Value Added (producer prices),164706,41862,239216,61242,33477,378436,945303,61811,70225,77086,162141,174610,334033,67654,158687,156822,31513,100403,322576,17689,8310,62260,36946,129339,439593,85107,1444497,280758,184632,174777,750960,84025,42153,12846,192517,42858,45129,170002,98706,395124,88008,483601,346524,890417,399849,637302,31420,2114490,556388,255780,303191,424583,1115723,448324,680145,65545,269726,849505,560762,168100,157461,130571,88443,162428,524030,469851,469774,349566,68172,1766596,158772,23315081,---,---,---,---,---,---,---,---,---,---,---,---,---,---,---,---,---,---,---,---
